model,representation,window_size_frames,subset,label,metric,n_folds_with_support,mean,standard_deviation,minimum,maximum
lstm,R0,60,test,alert,precision,4,0.9249200687562905,0.0225894667143344,0.8927789934354485,0.9439114391143911
lstm,R0,60,test,alert,recall,4,0.8477669952002608,0.12846535469896503,0.6645220588235294,0.9382558879694463
lstm,R0,60,test,alert,f1,4,0.8804379193098637,0.0750322620544074,0.7774193548387097,0.9397501836884644
lstm,R0,60,test,distraction,precision,4,0.4274738164305806,0.17554783495083082,0.22099447513812154,0.6446886446886447
lstm,R0,60,test,distraction,recall,4,0.5778454983743011,0.26278516987786593,0.2898550724637681,0.920844327176781
lstm,R0,60,test,distraction,f1,4,0.48005839394360345,0.17510793398836688,0.2507836990595611,0.6219081272084805
lstm,R0,60,test,fatigue,precision,2,0.0,0.0,0.0,0.0
lstm,R0,60,test,fatigue,recall,2,0.0,0.0,0.0,0.0
lstm,R0,60,test,fatigue,f1,2,0.0,0.0,0.0,0.0
lstm,R0,60,validation,alert,precision,4,0.9123340272805794,0.024452013731938796,0.8842105263157894,0.9351145038167938
lstm,R0,60,validation,alert,recall,4,0.8742010682666487,0.033079976176389726,0.8402366863905325,0.9074074074074074
lstm,R0,60,validation,alert,f1,4,0.8928116320115921,0.02841108811679091,0.8677685950413223,0.9210526315789473
lstm,R0,60,validation,distraction,precision,4,0.26901861204104205,0.047819564654289125,0.2,0.30201342281879195
lstm,R0,60,validation,distraction,recall,4,0.3979095597790773,0.06388509180822873,0.32894736842105265,0.46875
lstm,R0,60,validation,distraction,f1,4,0.3205370670765013,0.053454089271806345,0.24875621890547264,0.3673469387755102
lstm,R0,60,validation,fatigue,precision,4,0.0,0.0,0.0,0.0
lstm,R0,60,validation,fatigue,recall,4,0.0,0.0,0.0,0.0
lstm,R0,60,validation,fatigue,f1,4,0.0,0.0,0.0,0.0
lstm,R1,60,test,alert,precision,4,0.8284498340178937,0.09880770100613813,0.6863753213367609,0.9113667117726658
lstm,R1,60,test,alert,recall,4,0.9270446982001105,0.1273360007579354,0.7362132352941176,0.9980903882877148
lstm,R1,60,test,alert,f1,4,0.8746374022496521,0.11032020714423876,0.7104212860310422,0.9469244288224956
lstm,R1,60,test,distraction,precision,4,0.09056333085624639,0.07692017048578184,0.0,0.1880108991825613
lstm,R1,60,test,distraction,recall,4,0.05179039179053519,0.0871541574027652,0.0,0.1820580474934037
lstm,R1,60,test,distraction,f1,4,0.0570426686940632,0.08616538558256719,0.0,0.18498659517426275
lstm,R1,60,test,fatigue,precision,2,0.0,0.0,0.0,0.0
lstm,R1,60,test,fatigue,recall,2,0.0,0.0,0.0,0.0
lstm,R1,60,test,fatigue,f1,2,0.0,0.0,0.0,0.0
lstm,R1,60,validation,alert,precision,4,0.8841245613805299,0.030907586451542138,0.8556430446194225,0.9206484641638225
lstm,R1,60,validation,alert,recall,4,0.9861474772529284,0.015580103374094935,0.9635108481262328,0.9990740740740741
lstm,R1,60,validation,alert,f1,4,0.9322140044696808,0.02211082278976982,0.909683426443203,0.9582593250444049
lstm,R1,60,validation,distraction,precision,4,0.03804347826086957,0.07608695652173914,0.0,0.15217391304347827
lstm,R1,60,validation,distraction,recall,4,0.010802469135802469,0.021604938271604937,0.0,0.043209876543209874
lstm,R1,60,validation,distraction,f1,4,0.016826923076923076,0.03365384615384615,0.0,0.0673076923076923
lstm,R1,60,validation,fatigue,precision,4,0.0,0.0,0.0,0.0
lstm,R1,60,validation,fatigue,recall,4,0.0,0.0,0.0,0.0
lstm,R1,60,validation,fatigue,f1,4,0.0,0.0,0.0,0.0
lstm,R2,60,test,alert,precision,4,0.8385866270873001,0.09106669268774649,0.7090671885192433,0.9113333333333333
lstm,R2,60,test,alert,recall,4,0.959426264333043,0.07884432245184443,0.8411703239289446,1.0
lstm,R2,60,test,alert,f1,4,0.8905230414627238,0.05433216729610005,0.8294544067149943,0.9536100453435647
lstm,R2,60,test,distraction,precision,4,0.052083333333333336,0.10416666666666667,0.0,0.20833333333333334
lstm,R2,60,test,distraction,recall,4,0.07246376811594203,0.14492753623188406,0.0,0.2898550724637681
lstm,R2,60,test,distraction,f1,4,0.06060606060606061,0.12121212121212122,0.0,0.24242424242424243
lstm,R2,60,test,fatigue,precision,2,0.0,0.0,0.0,0.0
lstm,R2,60,test,fatigue,recall,2,0.0,0.0,0.0,0.0
lstm,R2,60,test,fatigue,f1,2,0.0,0.0,0.0,0.0
lstm,R2,60,validation,alert,precision,4,0.8896839557302936,0.036624060043911395,0.8566463944396178,0.9220512820512821
lstm,R2,60,validation,alert,recall,4,0.9720849802371542,0.05583003952569171,0.8883399209486166,1.0
lstm,R2,60,validation,alert,f1,4,0.9276828746957118,0.022497646629086578,0.9048817312531454,0.9587217043941412
lstm,R2,60,validation,distraction,precision,4,0.06166666666666667,0.12333333333333334,0.0,0.24666666666666667
lstm,R2,60,validation,distraction,recall,4,0.09635416666666667,0.19270833333333334,0.0,0.3854166666666667
lstm,R2,60,validation,distraction,f1,4,0.07520325203252033,0.15040650406504066,0.0,0.3008130081300813
lstm,R2,60,validation,fatigue,precision,4,0.0,0.0,0.0,0.0
lstm,R2,60,validation,fatigue,recall,4,0.0,0.0,0.0,0.0
lstm,R2,60,validation,fatigue,f1,4,0.0,0.0,0.0,0.0
tcn,R0,60,test,alert,precision,4,0.9090678169852677,0.029995864699853006,0.8775510204081632,0.9446902654867256
tcn,R0,60,test,alert,recall,4,0.9072121089674359,0.05324207797635579,0.831765935214211,0.950986632718014
tcn,R0,60,test,alert,f1,4,0.9077431170129198,0.03787203083281688,0.861005949161709,0.9408740359897172
tcn,R0,60,test,distraction,precision,4,0.49478967821879694,0.2392911536816094,0.20689655172413793,0.7002457002457002
tcn,R0,60,test,distraction,recall,4,0.5307199047328569,0.1847769588157031,0.30434782608695654,0.7519788918205804
tcn,R0,60,test,distraction,f1,4,0.5071070339049308,0.2105694495529792,0.24633431085043989,0.7251908396946565
tcn,R0,60,test,fatigue,precision,2,0.0,0.0,0.0,0.0
tcn,R0,60,test,fatigue,recall,2,0.0,0.0,0.0,0.0
tcn,R0,60,test,fatigue,f1,2,0.0,0.0,0.0,0.0
tcn,R0,60,validation,alert,precision,4,0.9126327773107226,0.022985597887750873,0.8888888888888888,0.932920536635707
tcn,R0,60,validation,alert,recall,4,0.8976623013850724,0.035011889616946644,0.8519269776876268,0.9351851851851852
tcn,R0,60,validation,alert,f1,4,0.9049289107789419,0.026423088397228657,0.8700155359917141,0.933456561922366
tcn,R0,60,validation,distraction,precision,4,0.30244714576488424,0.0754408149979606,0.21348314606741572,0.3973509933774834
tcn,R0,60,validation,distraction,recall,4,0.3787768031189084,0.10263839346560273,0.25,0.5
tcn,R0,60,validation,distraction,f1,4,0.3324593808628292,0.07162066111373203,0.23030303030303031,0.38338658146964855
tcn,R0,60,validation,fatigue,precision,4,0.0,0.0,0.0,0.0
tcn,R0,60,validation,fatigue,recall,4,0.0,0.0,0.0,0.0
tcn,R0,60,validation,fatigue,f1,4,0.0,0.0,0.0,0.0
tcn,R1,60,test,alert,precision,4,0.8317328687462391,0.0850296595529572,0.7092568448500652,0.9008908685968819
tcn,R1,60,test,alert,recall,4,0.8979517190929042,0.20409656181419167,0.5918068763716167,1.0
tcn,R1,60,test,alert,f1,4,0.8479249410255753,0.09970226079427447,0.7143487858719647,0.9327485380116959
tcn,R1,60,test,distraction,precision,4,0.018272425249169437,0.036544850498338874,0.0,0.07308970099667775
tcn,R1,60,test,distraction,recall,4,0.09821428571428571,0.19642857142857145,0.0,0.39285714285714285
tcn,R1,60,test,distraction,f1,4,0.03081232492997199,0.06162464985994399,0.0,0.12324929971988796
tcn,R1,60,test,fatigue,precision,2,0.0,0.0,0.0,0.0
tcn,R1,60,test,fatigue,recall,2,0.0,0.0,0.0,0.0
tcn,R1,60,test,fatigue,f1,2,0.0,0.0,0.0,0.0
tcn,R1,60,validation,alert,precision,4,0.8866574282665406,0.02862737302605077,0.8593220338983051,0.9207161125319693
tcn,R1,60,validation,alert,recall,4,0.9087221095334685,0.1825557809330629,0.6348884381338742,1.0
tcn,R1,60,validation,alert,f1,4,0.8908010055411254,0.10615177940415665,0.7330210772833724,0.9587217043941412
tcn,R1,60,validation,distraction,precision,4,0.04020979020979021,0.08041958041958042,0.0,0.16083916083916083
tcn,R1,60,validation,distraction,recall,4,0.11348684210526316,0.22697368421052633,0.0,0.45394736842105265
tcn,R1,60,validation,distraction,f1,4,0.05938037865748709,0.11876075731497418,0.0,0.23752151462994836
tcn,R1,60,validation,fatigue,precision,4,0.0,0.0,0.0,0.0
tcn,R1,60,validation,fatigue,recall,4,0.0,0.0,0.0,0.0
tcn,R1,60,validation,fatigue,f1,4,0.0,0.0,0.0,0.0
tcn,R2,60,test,alert,precision,4,0.846865914401222,0.10047392633539717,0.7092568448500652,0.9431734317343173
tcn,R2,60,test,alert,recall,4,0.9434935970200707,0.07607453513442919,0.8390804597701149,1.0
tcn,R2,60,test,alert,f1,4,0.887113406661577,0.04907307499929273,0.8299008390541571,0.9390154298310066
tcn,R2,60,test,distraction,precision,4,0.14566755083996463,0.1807610299785836,0.0,0.3724137931034483
tcn,R2,60,test,distraction,recall,4,0.19481107660455488,0.23729417999893104,0.0,0.48214285714285715
tcn,R2,60,test,distraction,f1,4,0.16661992732031644,0.2050890672560436,0.0,0.42023346303501946
tcn,R2,60,test,fatigue,precision,2,0.0,0.0,0.0,0.0
tcn,R2,60,test,fatigue,recall,2,0.0,0.0,0.0,0.0
tcn,R2,60,test,fatigue,f1,2,0.0,0.0,0.0,0.0
tcn,R2,60,validation,alert,precision,4,0.89922812265164,0.03298834666164255,0.8593220338983051,0.93125
tcn,R2,60,validation,alert,recall,4,0.9348457455764096,0.07606162098761002,0.8559837728194726,1.0
tcn,R2,60,validation,alert,f1,4,0.9150765884642097,0.03671247311908603,0.8705518308406395,0.9587217043941412
tcn,R2,60,validation,distraction,precision,4,0.14191919191919192,0.16387624268340112,0.0,0.28484848484848485
tcn,R2,60,validation,distraction,recall,4,0.21450109649122806,0.25257542155178253,0.0,0.4895833333333333
tcn,R2,60,validation,distraction,f1,4,0.1700383141762452,0.19702644083439322,0.0,0.36015325670498083
tcn,R2,60,validation,fatigue,precision,4,0.0,0.0,0.0,0.0
tcn,R2,60,validation,fatigue,recall,4,0.0,0.0,0.0,0.0
tcn,R2,60,validation,fatigue,f1,4,0.0,0.0,0.0,0.0
transformer,R0,150,test,alert,precision,4,0.9053028456574294,0.038452562552085394,0.8595600676818951,0.9376811594202898
transformer,R0,150,test,alert,recall,4,0.918746213160284,0.04081532393866528,0.8583509513742071,0.947985347985348
transformer,R0,150,test,alert,f1,4,0.9115897180709033,0.033713796614217695,0.8726491133799033,0.9428051001821494
transformer,R0,150,test,distraction,precision,4,0.4802935395665573,0.25945483700580635,0.16770186335403728,0.7341040462427746
transformer,R0,150,test,distraction,recall,4,0.4817843676051195,0.22174186235597987,0.2076923076923077,0.675531914893617
transformer,R0,150,test,distraction,f1,4,0.48010414872958734,0.24090622515701768,0.18556701030927836,0.703601108033241
transformer,R0,150,test,fatigue,precision,2,0.0,0.0,0.0,0.0
transformer,R0,150,test,fatigue,recall,2,0.0,0.0,0.0,0.0
transformer,R0,150,test,fatigue,f1,2,0.0,0.0,0.0,0.0
transformer,R0,150,validation,alert,precision,4,0.9141798055687017,0.03285878871832298,0.8835051546391752,0.9493041749502982
transformer,R0,150,validation,alert,recall,4,0.9076909366285126,0.03185443251088889,0.8844169246646026,0.953953953953954
transformer,R0,150,validation,alert,f1,4,0.9103350262478114,0.01760458560134356,0.8839608045384219,0.920328343795268
transformer,R0,150,validation,distraction,precision,4,0.3106115043903164,0.09427957602894567,0.22727272727272727,0.4457831325301205
transformer,R0,150,validation,distraction,recall,4,0.3619487035226746,0.112271386151758,0.23870967741935484,0.47297297297297297
transformer,R0,150,validation,distraction,f1,4,0.3138714433141678,0.02686501170227485,0.2866666666666667,0.3508771929824561
transformer,R0,150,validation,fatigue,precision,4,0.0,0.0,0.0,0.0
transformer,R0,150,validation,fatigue,recall,4,0.0,0.0,0.0,0.0
transformer,R0,150,validation,fatigue,f1,4,0.0,0.0,0.0,0.0
transformer,R1,150,test,alert,precision,4,0.8371561541175847,0.09045584343213765,0.7078103207810321,0.9142665773610181
transformer,R1,150,test,alert,recall,4,0.9827981651376146,0.03440366972477066,0.9311926605504587,1.0
transformer,R1,150,test,alert,f1,4,0.9031442052190082,0.06769657365338981,0.8042789223454834,0.9552134359692093
transformer,R1,150,test,distraction,precision,4,0.03873239436619718,0.07746478873239435,0.0,0.15492957746478872
transformer,R1,150,test,distraction,recall,4,0.007313829787234043,0.014627659574468084,0.0,0.02925531914893617
transformer,R1,150,test,distraction,f1,4,0.012304250559284116,0.024608501118568233,0.0,0.049217002237136466
transformer,R1,150,test,fatigue,precision,2,0.13043478260869565,0.1844626385704037,0.0,0.2608695652173913
transformer,R1,150,test,fatigue,recall,2,0.04838709677419355,0.06842968850192395,0.0,0.0967741935483871
transformer,R1,150,test,fatigue,f1,2,0.07058823529411765,0.09982683969692435,0.0,0.1411764705882353
transformer,R1,150,validation,alert,precision,4,0.8897294493876643,0.03171560292507342,0.8613333333333333,0.9258620689655173
transformer,R1,150,validation,alert,recall,4,1.0,0.0,1.0,1.0
transformer,R1,150,validation,alert,f1,4,0.9414243482092755,0.01772388233770156,0.9255014326647565,0.9615040286481648
transformer,R1,150,validation,distraction,precision,4,0.0,0.0,0.0,0.0
transformer,R1,150,validation,distraction,recall,4,0.0,0.0,0.0,0.0
transformer,R1,150,validation,distraction,f1,4,0.0,0.0,0.0,0.0
transformer,R1,150,validation,fatigue,precision,4,0.0,0.0,0.0,0.0
transformer,R1,150,validation,fatigue,recall,4,0.0,0.0,0.0,0.0
transformer,R1,150,validation,fatigue,f1,4,0.0,0.0,0.0,0.0
transformer,R2,150,test,alert,precision,4,0.9038952811581258,0.038346555231502495,0.8562874251497006,0.9360759493670886
transformer,R2,150,test,alert,recall,4,0.9275628721076234,0.0279162866625759,0.8921775898520085,0.9516483516483516
transformer,R2,150,test,alert,f1,4,0.915426692866709,0.031149486592454246,0.8862328463922089,0.9426705370101597
transformer,R2,150,test,distraction,precision,4,0.4937056967883535,0.26123965698533075,0.1968503937007874,0.7353760445682451
transformer,R2,150,test,distraction,recall,4,0.46865684710234695,0.242954883312305,0.19230769230769232,0.7021276595744681
transformer,R2,150,test,distraction,f1,4,0.48082009108548046,0.2517561256227689,0.19455252918287938,0.7183673469387755
transformer,R2,150,test,fatigue,precision,2,0.0,0.0,0.0,0.0
transformer,R2,150,test,fatigue,recall,2,0.0,0.0,0.0,0.0
transformer,R2,150,test,fatigue,f1,2,0.0,0.0,0.0,0.0
transformer,R2,150,validation,alert,precision,4,0.9122734949924909,0.029000323572456216,0.8832335329341318,0.9392212725546059
transformer,R2,150,validation,alert,recall,4,0.9288112476910262,0.01457169248943775,0.913312693498452,0.9459459459459459
transformer,R2,150,validation,alert,f1,4,0.9202551636242078,0.0164823211693049,0.898021308980213,0.935129740518962
transformer,R2,150,validation,distraction,precision,4,0.3307979083926485,0.09569403037637922,0.205607476635514,0.43157894736842106
transformer,R2,150,validation,distraction,recall,4,0.31209034028833804,0.07181102151300654,0.2645161290322581,0.4175824175824176
transformer,R2,150,validation,distraction,f1,4,0.31347281902273105,0.06270291250281114,0.2430939226519337,0.3917525773195876
transformer,R2,150,validation,fatigue,precision,4,0.0,0.0,0.0,0.0
transformer,R2,150,validation,fatigue,recall,4,0.0,0.0,0.0,0.0
transformer,R2,150,validation,fatigue,f1,4,0.0,0.0,0.0,0.0
