model,ablation,fold,subset,label,precision,recall,f1,support
svm,facial_only,1,validation,alert,0.9091967403958091,0.7702169625246549,0.8339562199679659,1014
svm,facial_only,1,validation,fatigue,0.03225806451612903,0.5,0.06060606060606061,4
svm,facial_only,1,validation,distraction,0.2972972972972973,0.47530864197530864,0.3657957244655582,162
svm,facial_only,1,test,alert,0.8909899888765295,0.7362132352941176,0.8062405636638148,1088
svm,facial_only,1,test,fatigue,0.03418803418803419,0.05970149253731343,0.043478260869565216,67
svm,facial_only,1,test,distraction,0.5463320463320464,0.7467018469656992,0.6309921962095875,379
random_forest,facial_only,1,validation,alert,0.8946378174976481,0.9378698224852071,0.915743861338469,1014
random_forest,facial_only,1,validation,fatigue,0.0,0.0,0.0,4
random_forest,facial_only,1,validation,distraction,0.46153846153846156,0.3333333333333333,0.3870967741935484,162
random_forest,facial_only,1,test,alert,0.829248366013072,0.9329044117647058,0.8780276816608996,1088
random_forest,facial_only,1,test,fatigue,0.0,0.0,0.0,67
random_forest,facial_only,1,test,distraction,0.7096774193548387,0.5804749340369393,0.6386066763425254,379
xgboost,facial_only,1,validation,alert,0.9031578947368422,0.8461538461538461,0.8737270875763747,1014
xgboost,facial_only,1,validation,fatigue,0.0,0.0,0.0,4
xgboost,facial_only,1,validation,distraction,0.3333333333333333,0.4567901234567901,0.3854166666666667,162
xgboost,facial_only,1,test,alert,0.8754578754578755,0.8786764705882353,0.8770642201834863,1088
xgboost,facial_only,1,test,fatigue,0.0,0.0,0.0,67
xgboost,facial_only,1,test,distraction,0.6469248291571754,0.7493403693931399,0.6943765281173594,379
svm,facial_only,2,validation,alert,0.9450292397660819,0.7481481481481481,0.8351421188630491,1080
svm,facial_only,2,validation,fatigue,0.01834862385321101,0.11764705882352941,0.031746031746031744,17
svm,facial_only,2,validation,distraction,0.17703349282296652,0.4868421052631579,0.2596491228070175,76
svm,facial_only,2,test,alert,0.937584803256445,0.8796944621260344,0.9077175697865353,1571
svm,facial_only,2,test,fatigue,,,,0
svm,facial_only,2,test,distraction,0.6169491525423729,0.621160409556314,0.6190476190476191,293
random_forest,facial_only,2,validation,alert,0.9405940594059405,0.8796296296296297,0.9090909090909091,1080
random_forest,facial_only,2,validation,fatigue,0.0,0.0,0.0,17
random_forest,facial_only,2,validation,distraction,0.21153846153846154,0.4342105263157895,0.28448275862068967,76
random_forest,facial_only,2,test,alert,0.9335463258785942,0.9299809038828771,0.9317602040816326,1571
random_forest,facial_only,2,test,fatigue,,,,0
random_forest,facial_only,2,test,distraction,0.6394557823129252,0.6416382252559727,0.6405451448040886,293
xgboost,facial_only,2,validation,alert,0.9444444444444444,0.8185185185185185,0.876984126984127,1080
xgboost,facial_only,2,validation,fatigue,0.0,0.0,0.0,17
xgboost,facial_only,2,validation,distraction,0.17972350230414746,0.5131578947368421,0.26621160409556316,76
xgboost,facial_only,2,test,alert,0.9361563517915309,0.9147040101845958,0.9253058596265293,1571
xgboost,facial_only,2,test,fatigue,,,,0
xgboost,facial_only,2,test,distraction,0.6109324758842444,0.6484641638225256,0.6291390728476821,293
svm,facial_only,3,validation,alert,0.8878718535469108,0.7870182555780934,0.8344086021505376,986
svm,facial_only,3,validation,fatigue,0.0,0.0,0.0,13
svm,facial_only,3,validation,distraction,0.2603305785123967,0.4144736842105263,0.3197969543147208,152
svm,facial_only,3,test,alert,0.9515757109915449,0.9056327724945136,0.9280359820089955,1367
svm,facial_only,3,test,fatigue,0.0,0.0,0.0,21
svm,facial_only,3,test,distraction,0.3413173652694611,0.5089285714285714,0.40860215053763443,112
random_forest,facial_only,3,validation,alert,0.8848114169215087,0.8803245436105477,0.8825622775800712,986
random_forest,facial_only,3,validation,fatigue,0.0,0.0,0.0,13
random_forest,facial_only,3,validation,distraction,0.3151515151515151,0.34210526315789475,0.3280757097791798,152
random_forest,facial_only,3,test,alert,0.9411764705882353,0.9480614484272128,0.9446064139941691,1367
random_forest,facial_only,3,test,fatigue,0.0,0.0,0.0,21
random_forest,facial_only,3,test,distraction,0.4146341463414634,0.45535714285714285,0.4340425531914894,112
xgboost,facial_only,3,validation,alert,0.8880090497737556,0.7961460446247465,0.839572192513369,986
xgboost,facial_only,3,validation,fatigue,0.0,0.0,0.0,13
xgboost,facial_only,3,validation,distraction,0.256,0.42105263157894735,0.31840796019900497,152
xgboost,facial_only,3,test,alert,0.9564553093964858,0.9158741770299926,0.9357249626307922,1367
xgboost,facial_only,3,test,fatigue,0.0,0.0,0.0,21
xgboost,facial_only,3,test,distraction,0.3817204301075269,0.6339285714285714,0.47651006711409394,112
svm,facial_only,4,validation,alert,0.935251798561151,0.7707509881422925,0.8450704225352113,1012
svm,facial_only,4,validation,fatigue,0.023529411764705882,0.11764705882352941,0.0392156862745098,17
svm,facial_only,4,validation,distraction,0.19902912621359223,0.4270833333333333,0.271523178807947,96
svm,facial_only,4,test,alert,0.9019073569482289,0.6917450365726228,0.7829686575990538,957
svm,facial_only,4,test,fatigue,,,,0
svm,facial_only,4,test,distraction,0.23660714285714285,0.38405797101449274,0.292817679558011,138
random_forest,facial_only,4,validation,alert,0.9305263157894736,0.8735177865612648,0.9011213047910296,1012
random_forest,facial_only,4,validation,fatigue,0.0,0.0,0.0,17
random_forest,facial_only,4,validation,distraction,0.27976190476190477,0.4895833333333333,0.3560606060606061,96
random_forest,facial_only,4,test,alert,0.9022727272727272,0.8296760710553814,0.864452912357104,957
random_forest,facial_only,4,test,fatigue,,,,0
random_forest,facial_only,4,test,distraction,0.24299065420560748,0.37681159420289856,0.29545454545454547,138
xgboost,facial_only,4,validation,alert,0.9325221238938053,0.8330039525691699,0.8799582463465553,1012
xgboost,facial_only,4,validation,fatigue,0.0,0.0,0.0,17
xgboost,facial_only,4,validation,distraction,0.23979591836734693,0.4895833333333333,0.3219178082191781,96
xgboost,facial_only,4,test,alert,0.9094247246022031,0.7763845350052246,0.8376550169109357,957
xgboost,facial_only,4,test,fatigue,,,,0
xgboost,facial_only,4,test,distraction,0.23484848484848486,0.4492753623188406,0.30845771144278605,138
svm,facial_plus_missingness,1,validation,alert,0.9144196951934349,0.7692307692307693,0.8355650776647028,1014
svm,facial_plus_missingness,1,validation,fatigue,0.03125,0.5,0.058823529411764705,4
svm,facial_plus_missingness,1,validation,distraction,0.30798479087452474,0.5,0.3811764705882353,162
svm,facial_plus_missingness,1,test,alert,0.8657865786578658,0.7233455882352942,0.7881822734101152,1088
svm,facial_plus_missingness,1,test,fatigue,0.02666666666666667,0.05970149253731343,0.03686635944700461,67
svm,facial_plus_missingness,1,test,distraction,0.5452631578947369,0.683377308707124,0.6065573770491803,379
random_forest,facial_plus_missingness,1,validation,alert,0.8915094339622641,0.9319526627218935,0.9112825458052073,1014
random_forest,facial_plus_missingness,1,validation,fatigue,0.0,0.0,0.0,4
random_forest,facial_plus_missingness,1,validation,distraction,0.425,0.3148148148148148,0.3617021276595745,162
random_forest,facial_plus_missingness,1,test,alert,0.8333333333333334,0.9329044117647058,0.8803122289679098,1088
random_forest,facial_plus_missingness,1,test,fatigue,0.0,0.0,0.0,67
random_forest,facial_plus_missingness,1,test,distraction,0.7151898734177216,0.5963060686015831,0.6503597122302158,379
xgboost,facial_plus_missingness,1,validation,alert,0.9029535864978903,0.8441814595660749,0.872579001019368,1014
xgboost,facial_plus_missingness,1,validation,fatigue,0.0,0.0,0.0,4
xgboost,facial_plus_missingness,1,validation,distraction,0.32,0.4444444444444444,0.37209302325581395,162
xgboost,facial_plus_missingness,1,test,alert,0.8673932788374206,0.8777573529411765,0.8725445408862494,1088
xgboost,facial_plus_missingness,1,test,fatigue,0.0,0.0,0.0,67
xgboost,facial_plus_missingness,1,test,distraction,0.6450116009280742,0.7335092348284961,0.6864197530864198,379
svm,facial_plus_missingness,2,validation,alert,0.9455621301775148,0.7398148148148148,0.8301298701298702,1080
svm,facial_plus_missingness,2,validation,fatigue,0.019417475728155338,0.11764705882352941,0.03333333333333333,17
svm,facial_plus_missingness,2,validation,distraction,0.17777777777777778,0.5263157894736842,0.26578073089701,76
svm,facial_plus_missingness,2,test,alert,0.9374149659863945,0.8771483131763208,0.906280828674778,1571
svm,facial_plus_missingness,2,test,fatigue,,,,0
svm,facial_plus_missingness,2,test,distraction,0.6006600660066007,0.621160409556314,0.610738255033557,293
random_forest,facial_plus_missingness,2,validation,alert,0.9385530227948464,0.8768518518518519,0.906653901388224,1080
random_forest,facial_plus_missingness,2,validation,fatigue,0.0,0.0,0.0,17
random_forest,facial_plus_missingness,2,validation,distraction,0.1962025316455696,0.40789473684210525,0.26495726495726496,76
random_forest,facial_plus_missingness,2,test,alert,0.9346153846153846,0.928071292170592,0.9313318428617056,1571
random_forest,facial_plus_missingness,2,test,fatigue,,,,0
random_forest,facial_plus_missingness,2,test,distraction,0.6321070234113713,0.6450511945392492,0.6385135135135135,293
xgboost,facial_plus_missingness,2,validation,alert,0.9459745762711864,0.8268518518518518,0.8824110671936759,1080
xgboost,facial_plus_missingness,2,validation,fatigue,0.0,0.0,0.0,17
xgboost,facial_plus_missingness,2,validation,distraction,0.1932367149758454,0.5263157894736842,0.2826855123674912,76
xgboost,facial_plus_missingness,2,test,alert,0.9351911860012961,0.9185232336091661,0.9267822736030829,1571
xgboost,facial_plus_missingness,2,test,fatigue,,,,0
xgboost,facial_plus_missingness,2,test,distraction,0.6196721311475409,0.6450511945392492,0.6321070234113713,293
svm,facial_plus_missingness,3,validation,alert,0.8901601830663616,0.7890466531440162,0.8365591397849462,986
svm,facial_plus_missingness,3,validation,fatigue,0.0,0.0,0.0,13
svm,facial_plus_missingness,3,validation,distraction,0.26495726495726496,0.40789473684210525,0.32124352331606215,152
svm,facial_plus_missingness,3,test,alert,0.9500384319754035,0.9041697147037308,0.9265367316341829,1367
svm,facial_plus_missingness,3,test,fatigue,0.0,0.0,0.0,21
svm,facial_plus_missingness,3,test,distraction,0.32222222222222224,0.5178571428571429,0.3972602739726027,112
random_forest,facial_plus_missingness,3,validation,alert,0.8855975485188968,0.8793103448275862,0.8824427480916031,986
random_forest,facial_plus_missingness,3,validation,fatigue,0.0,0.0,0.0,13
random_forest,facial_plus_missingness,3,validation,distraction,0.3192771084337349,0.34868421052631576,0.3333333333333333,152
random_forest,facial_plus_missingness,3,test,alert,0.9432727272727273,0.9487929773226043,0.9460247994164843,1367
random_forest,facial_plus_missingness,3,test,fatigue,0.0,0.0,0.0,21
random_forest,facial_plus_missingness,3,test,distraction,0.424,0.4732142857142857,0.4472573839662447,112
xgboost,facial_plus_missingness,3,validation,alert,0.8868778280542986,0.795131845841785,0.8385026737967914,986
xgboost,facial_plus_missingness,3,validation,fatigue,0.0,0.0,0.0,13
xgboost,facial_plus_missingness,3,validation,distraction,0.252,0.4144736842105263,0.31343283582089554,152
xgboost,facial_plus_missingness,3,test,alert,0.955893536121673,0.9195318215069496,0.9373601789709173,1367
xgboost,facial_plus_missingness,3,test,fatigue,0.0,0.0,0.0,21
xgboost,facial_plus_missingness,3,test,distraction,0.3888888888888889,0.625,0.4794520547945205,112
svm,facial_plus_missingness,4,validation,alert,0.9337349397590361,0.7658102766798419,0.8414766558089034,1012
svm,facial_plus_missingness,4,validation,fatigue,0.025974025974025976,0.11764705882352941,0.0425531914893617,17
svm,facial_plus_missingness,4,validation,distraction,0.19724770642201836,0.4479166666666667,0.27388535031847133,96
svm,facial_plus_missingness,4,test,alert,0.9027397260273973,0.6886102403343782,0.7812685240071132,957
svm,facial_plus_missingness,4,test,fatigue,,,,0
svm,facial_plus_missingness,4,test,distraction,0.24390243902439024,0.43478260869565216,0.3125,138
random_forest,facial_plus_missingness,4,validation,alert,0.930379746835443,0.8715415019762845,0.9,1012
random_forest,facial_plus_missingness,4,validation,fatigue,0.0,0.0,0.0,17
random_forest,facial_plus_missingness,4,validation,distraction,0.27325581395348836,0.4895833333333333,0.35074626865671643,96
random_forest,facial_plus_missingness,4,test,alert,0.9009216589861752,0.8171368861024033,0.856986301369863,957
random_forest,facial_plus_missingness,4,test,fatigue,,,,0
random_forest,facial_plus_missingness,4,test,distraction,0.23008849557522124,0.37681159420289856,0.2857142857142857,138
xgboost,facial_plus_missingness,4,validation,alert,0.9325221238938053,0.8330039525691699,0.8799582463465553,1012
xgboost,facial_plus_missingness,4,validation,fatigue,0.0,0.0,0.0,17
xgboost,facial_plus_missingness,4,validation,distraction,0.23979591836734693,0.4895833333333333,0.3219178082191781,96
xgboost,facial_plus_missingness,4,test,alert,0.9058679706601467,0.774294670846395,0.8349295774647887,957
xgboost,facial_plus_missingness,4,test,fatigue,,,,0
xgboost,facial_plus_missingness,4,test,distraction,0.23346303501945526,0.43478260869565216,0.3037974683544304,138
svm,missingness_only,1,validation,alert,0.9136939010356732,0.7830374753451677,0.8433351035581519,1014
svm,missingness_only,1,validation,fatigue,0.016,0.5,0.031007751937984496,4
svm,missingness_only,1,validation,distraction,0.34408602150537637,0.3950617283950617,0.367816091954023,162
svm,missingness_only,1,test,alert,0.9001956947162426,0.8455882352941176,0.8720379146919431,1088
svm,missingness_only,1,test,fatigue,0.11278195488721804,0.22388059701492538,0.15,67
svm,missingness_only,1,test,distraction,0.6649076517150396,0.6649076517150396,0.6649076517150396,379
random_forest,missingness_only,1,validation,alert,0.8921971252566735,0.8570019723865878,0.8742454728370221,1014
random_forest,missingness_only,1,validation,fatigue,0.0,0.0,0.0,4
random_forest,missingness_only,1,validation,distraction,0.2935323383084577,0.36419753086419754,0.325068870523416,162
random_forest,missingness_only,1,test,alert,0.8570159857904085,0.8869485294117647,0.8717253839205059,1088
random_forest,missingness_only,1,test,fatigue,0.14285714285714285,0.029850746268656716,0.04938271604938271,67
random_forest,missingness_only,1,test,distraction,0.631979695431472,0.6569920844327177,0.6442432082794308,379
xgboost,missingness_only,1,validation,alert,0.9049723756906077,0.8076923076923077,0.8535695674830641,1014
xgboost,missingness_only,1,validation,fatigue,0.0,0.0,0.0,4
xgboost,missingness_only,1,validation,distraction,0.29004329004329005,0.41358024691358025,0.34096692111959287,162
xgboost,missingness_only,1,test,alert,0.9018286814244466,0.8612132352941176,0.8810531264692054,1088
xgboost,missingness_only,1,test,fatigue,0.16326530612244897,0.11940298507462686,0.13793103448275862,67
xgboost,missingness_only,1,test,distraction,0.6278026905829597,0.7387862796833773,0.6787878787878788,379
svm,missingness_only,2,validation,alert,0.9497716894977168,0.7703703703703704,0.8507157464212679,1080
svm,missingness_only,2,validation,fatigue,0.01015228426395939,0.11764705882352941,0.018691588785046728,17
svm,missingness_only,2,validation,distraction,0.19,0.25,0.2159090909090909,76
svm,missingness_only,2,test,alert,0.938229238160604,0.8701464035646085,0.9029062087186261,1571
svm,missingness_only,2,test,fatigue,,,,0
svm,missingness_only,2,test,distraction,0.6872427983539094,0.5699658703071673,0.6231343283582089,293
random_forest,missingness_only,2,validation,alert,0.940552016985138,0.8203703703703704,0.8763600395647874,1080
random_forest,missingness_only,2,validation,fatigue,0.0,0.0,0.0,17
random_forest,missingness_only,2,validation,distraction,0.16145833333333334,0.40789473684210525,0.23134328358208955,76
random_forest,missingness_only,2,test,alert,0.9347970725216235,0.8943348185868873,0.9141184124918673,1571
random_forest,missingness_only,2,test,fatigue,,,,0
random_forest,missingness_only,2,test,distraction,0.5762195121951219,0.6450511945392492,0.6086956521739131,293
xgboost,missingness_only,2,validation,alert,0.9487179487179487,0.787962962962963,0.860900354071826,1080
xgboost,missingness_only,2,validation,fatigue,0.0,0.0,0.0,17
xgboost,missingness_only,2,validation,distraction,0.2012987012987013,0.40789473684210525,0.26956521739130435,76
xgboost,missingness_only,2,test,alert,0.9376693766937669,0.8809675366008911,0.9084345257630456,1571
xgboost,missingness_only,2,test,fatigue,,,,0
xgboost,missingness_only,2,test,distraction,0.6116838487972509,0.6075085324232082,0.6095890410958904,293
svm,missingness_only,3,validation,alert,0.9002433090024331,0.7505070993914807,0.8185840707964602,986
svm,missingness_only,3,validation,fatigue,0.0,0.0,0.0,13
svm,missingness_only,3,validation,distraction,0.2605633802816901,0.24342105263157895,0.25170068027210885,152
svm,missingness_only,3,test,alert,0.9755686604886268,0.8471104608632041,0.9068128425998434,1367
svm,missingness_only,3,test,fatigue,0.06217616580310881,0.5714285714285714,0.11214953271028037,21
svm,missingness_only,3,test,distraction,0.325,0.3482142857142857,0.33620689655172414,112
random_forest,missingness_only,3,validation,alert,0.8896321070234113,0.8093306288032455,0.8475836431226765,986
random_forest,missingness_only,3,validation,fatigue,0.0,0.0,0.0,13
random_forest,missingness_only,3,validation,distraction,0.2645739910313901,0.3881578947368421,0.31466666666666665,152
random_forest,missingness_only,3,test,alert,0.9503437738731857,0.9100219458668617,0.929745889387145,1367
random_forest,missingness_only,3,test,fatigue,0.030303030303030304,0.047619047619047616,0.037037037037037035,21
random_forest,missingness_only,3,test,distraction,0.3291139240506329,0.4642857142857143,0.3851851851851852,112
xgboost,missingness_only,3,validation,alert,0.8957845433255269,0.7758620689655172,0.8315217391304348,986
xgboost,missingness_only,3,validation,fatigue,0.0,0.0,0.0,13
xgboost,missingness_only,3,validation,distraction,0.2727272727272727,0.27631578947368424,0.27450980392156865,152
xgboost,missingness_only,3,test,alert,0.9639423076923077,0.8800292611558157,0.920076481835564,1367
xgboost,missingness_only,3,test,fatigue,0.030303030303030304,0.19047619047619047,0.05228758169934641,21
xgboost,missingness_only,3,test,distraction,0.35833333333333334,0.38392857142857145,0.3706896551724138,112
svm,missingness_only,4,validation,alert,0.936046511627907,0.7954545454545454,0.8600427350427351,1012
svm,missingness_only,4,validation,fatigue,0.013157894736842105,0.11764705882352941,0.023668639053254437,17
svm,missingness_only,4,validation,distraction,0.24778761061946902,0.2916666666666667,0.2679425837320574,96
svm,missingness_only,4,test,alert,0.907608695652174,0.6980146290491118,0.7891317188422918,957
svm,missingness_only,4,test,fatigue,,,,0
svm,missingness_only,4,test,distraction,0.2,0.21014492753623187,0.2049469964664311,138
random_forest,missingness_only,4,validation,alert,0.9317931793179318,0.8369565217391305,0.8818323789692868,1012
random_forest,missingness_only,4,validation,fatigue,0.0,0.0,0.0,17
random_forest,missingness_only,4,validation,distraction,0.2596685082872928,0.4895833333333333,0.33935018050541516,96
random_forest,missingness_only,4,test,alert,0.9043478260869565,0.7607105538140021,0.8263337116912599,957
random_forest,missingness_only,4,test,fatigue,,,,0
random_forest,missingness_only,4,test,distraction,0.20816326530612245,0.3695652173913043,0.26631853785900783,138
xgboost,missingness_only,4,validation,alert,0.9325714285714286,0.8063241106719368,0.8648648648648649,1012
xgboost,missingness_only,4,validation,fatigue,0.0,0.0,0.0,17
xgboost,missingness_only,4,validation,distraction,0.272,0.3541666666666667,0.3076923076923077,96
xgboost,missingness_only,4,test,alert,0.9050131926121372,0.7168234064785789,0.8,957
xgboost,missingness_only,4,test,fatigue,,,,0
xgboost,missingness_only,4,test,distraction,0.20958083832335328,0.2536231884057971,0.22950819672131148,138
