artifact_type,relative_path,size_bytes,sha256
experiment,fase_2/configs/experiment/classical_60.yaml,1385,702f64c39b4882fcc01cd83859edd618991b67cd266b66903cd3933b6b7c1306
experiment,fase_2/configs/experiment/core.yaml,612,16069898d7ad90f97bb83e696e6af6944c87db6598c230187fc2e5decd21e367
experiment,fase_2/configs/experiment/g1_baselines.yaml,997,aae07f05c5760a07eb63fc8c086cc0150c6eb06b5f149fe33db218726c22ccb7
experiment,fase_2/configs/experiment/g2_temporal_r0_w150.yaml,932,d62a4ca01fe84d84b079d21cd106d5a0b35091d7a5f9e61a64b9b789c65f18d2
experiment,fase_2/configs/experiment/g2_temporal_r0_w30.yaml,929,614197c6793bc97aaf834213cf208869c541276241663a2fa28c8dd7152965cc
experiment,fase_2/configs/experiment/g2_temporal_r0_w60.yaml,929,b8bb255c0ceef8ba30c9bf2626ba37f817ae01f3bf57fc16493d30f65bcfc33b
experiment,fase_2/configs/experiment/g3_r1_w150.yaml,1046,47d9699abaff8f16929738e0fd8d8c4c7d972d8856bd8d49f9d99809304e9612
experiment,fase_2/configs/experiment/g3_r1_w60.yaml,1090,fd4cf392b9d0b6384e39b9bce47c544e3f1a4e29b82dbcc4d7c2b58df721aa7b
experiment,fase_2/configs/experiment/g3_r2_w150.yaml,1105,342188913b72d3c3479dcc61c8be000396db111b848cb939f625dbec2a97d3c9
experiment,fase_2/configs/experiment/g3_r2_w60.yaml,1149,9d008b52fd95be2b58b5016d063d82bf3a1b70d3bff94de402296d6383ef869f
experiment,fase_2/configs/experiment/g3_representation.yaml,1889,1c5b113cde326190af2ea448cf04054bea0ceebf800323c9733361b749e0ddbd
experiment,fase_2/configs/experiment/g4_b_w150.yaml,723,889ca35e937db577abea79252cc5b774357c3e122775a5233052bf2891400dd0
experiment,fase_2/configs/experiment/g4_b_w60.yaml,772,0d66b5710f7521754ea8bc4b96c5e6e9220ad30d7695fb16cd1917951bfa85a9
experiment,fase_2/configs/experiment/g4_c_w150.yaml,735,50ebc572bedda7a4c0b494942df869fb4ad3a7c8a52fee659747f0419ddc31b0
experiment,fase_2/configs/experiment/g4_c_w60.yaml,774,5635c7ad8ebc10f17324ac2b5c076cd716334c4023730ceecee36b6a987d49cf
experiment,fase_2/configs/experiment/g4_d_w150.yaml,979,48d58ca9c38dfa10f7b6c113b8920ab07d770828d523da375e38c5920526c0fa
experiment,fase_2/configs/experiment/g4_d_w60.yaml,1032,42d22731cf284d6bee44e2cf56e32db642af7651466b8d46d3c5bd9fe21b0c40
experiment,fase_2/configs/experiment/imbalance.yaml,1378,d220030484af3950095d7a2b8368a004a4f07f72d517ff45db5ea67cf9e26958
experiment,fase_2/configs/experiment/preprocessing_comparison.yaml,809,ad1a23b07cf57ca44f03e3a611c8d52e304e2e06891dcf3d855b5df5ef77a511
experiment,fase_2/configs/experiment/temporal_multiseed.yaml,786,1993c7ce18f6572f777d8bcc25cbdceeaad204e09f519a283e43ab1b66c54cdb
training,fase_2/src/training/__init__.py,34,b0b36227939ef6721a5bd8f11c8ed19bc2606be4da75b2b4c1996516d56a37b1
training,fase_2/src/training/__pycache__/__init__.cpython-312.pyc,250,83740c4ed939136ebf232cf916c749d84aa3e98dc59c96a5ef48467220246cd0
training,fase_2/src/training/__pycache__/classical_baselines.cpython-312.pyc,36363,6909236397b1a20e685d9cf26133b893e0636b6b243aeef8364ee120114d5734
training,fase_2/src/training/__pycache__/classical_grid_search.cpython-312.pyc,22187,771c178b7ac83eefb158f110b3e477c4fd3b91f2e1b95531faab4994492e088f
training,fase_2/src/training/__pycache__/dummy_baseline.cpython-312.pyc,16321,17f04b53fee8303c505f8d86bc0bdf4fe9c50a9cca3b5553e29a2efadeed6f8f
training,fase_2/src/training/__pycache__/g1_baselines.cpython-312.pyc,39918,186b1adc9fe56a83eb110510b368840ed0fcb415b9a8def1488f14d4201a4967
training,fase_2/src/training/__pycache__/g2_report.cpython-312.pyc,23017,456eb4dfe8507e74206b6d596ad98886a1e3e2dca8c6d91b5b6eb96934deda65
training,fase_2/src/training/__pycache__/g3_matrix.cpython-312.pyc,11509,d1e220ded1253e26e00a1903e0ecf3afbdee845dbc3660806bcdbbef1b2d6456
training,fase_2/src/training/__pycache__/g3_report.cpython-312.pyc,55618,2f0787ff09cf7e6c0ba7ab340d6f23147c6aef78a81575de14d95772b4edf90b
training,fase_2/src/training/__pycache__/g4_classical.cpython-312.pyc,12125,7578bd213deff748b2e7ac6ba7da406e6c3020d54301b107b40e26d0476a86ec
training,fase_2/src/training/__pycache__/g4_matrix.cpython-312.pyc,13733,cf2c4c8f4a608aada195bc0ab05cd35c1fdec136f9f50a9c1b766ad90c5cf6cf
training,fase_2/src/training/__pycache__/g4_report.cpython-312.pyc,41935,365e2537952b298c0a8332420b8f02798b9938d20fe3415faf395db9d0190308
training,fase_2/src/training/__pycache__/preprocessing_comparison.cpython-312.pyc,25673,129254e440d0134b901882c941fcd64ef543bfa9cb6e10583c3fc4261a7ac5a5
training,fase_2/src/training/__pycache__/stability.cpython-312.pyc,2523,61da1530bc2ef1109028d2506f852d15ee1cb117dd061322d4efe3a8e5d1cb34
training,fase_2/src/training/__pycache__/temporal_data.cpython-312.pyc,20765,93c931853540b93e01cfbe1982bf675c2abbb1f3f6013d5c8af5bc076bcf396e
training,fase_2/src/training/__pycache__/temporal_engine.cpython-312.pyc,22112,6aa6906c138a303bc3159d49e29878ca3ce072f03df1416954c277858d63b537
training,fase_2/src/training/__pycache__/temporal_multiseed.cpython-312.pyc,40176,c0083d1d018e0ade7f01d41dc0b735f9f0eb372b7793973a823ef0739dee9cc3
training,fase_2/src/training/classical_baselines.py,27618,6f9cdcc255913d79cff51818e9bb00e998f3c13e623e8835f0a0f02601786e50
training,fase_2/src/training/classical_grid_search.py,17881,e76a996fed46833ece377b403fc1f00fc6372f433f3571b30703a8ab0f10b175
training,fase_2/src/training/dummy_baseline.py,12714,80bc9bd11cb01cf6df071730493c26fc132b1bdef5208214ffc5749f40a37f35
training,fase_2/src/training/g1_baselines.py,32507,e698eb91685d8f77324669c4bde81822c988f5d015a43e639ef3450cfabffc5d
training,fase_2/src/training/g2_report.py,14416,f60671c4c43f7de17fa6daac49bec7cb36fa299d08ee648c14054f2b43c1fb15
training,fase_2/src/training/g3_matrix.py,9162,dccb1717df7af6eb5705a78ca9459765bd81ffff7678cb0b4afcc6894b8168db
training,fase_2/src/training/g3_report.py,35482,bde95425c6336047e9be80dba3c52ff2aabc79fa1624b419d7399368d89e1674
training,fase_2/src/training/g4_classical.py,8681,ac8fd6638e5bd7e3230f3d466f6f1b3974ddc3bc51c6da5ac6f2a54a090fdbaf
training,fase_2/src/training/g4_matrix.py,9573,e9fa4059b35a7e4085b30f10eba033a5d57ba0ef24c279045dd9519284f84edf
training,fase_2/src/training/g4_report.py,22088,1acefd8e93e8234fa5532cb02e2f69f412c8fb8a354793595eb24a59b98cc9f6
training,fase_2/src/training/preprocessing_comparison.py,21864,4b1b8395a6ecf81c5177130153e485715027311e9db129f8d967282e3503892e
training,fase_2/src/training/stability.py,1477,daf2b8339a709fdb3bf18706e1cd21e824868aaa92312244d4a2f48310014b6c
training,fase_2/src/training/temporal_data.py,13309,7a482499a548e0b2037f430636b9e710f931660fed2bb50588b913d1452e67e8
training,fase_2/src/training/temporal_engine.py,17954,b76743685030237002eca4d56f51ba38efcbb8d79575bd774e56ee21ec4540c6
training,fase_2/src/training/temporal_multiseed.py,32839,803246078283f54de4c2a0c0b3782552bae04cfd5cc25f1e456ef71c4d97952a
docs,fase_2/docs/data_dictionary.md,2562,8f0b63fee4ae19552539bc75f6b857e6309e86e2561879c9922d7ceabb7fc20f
docs,fase_2/docs/data_sources_and_provenance.md,8868,f53372f81b1e165881302a86f8cce8e104144ef9f72d6899c86ae55d2d27c7b7
docs,fase_2/docs/decisions/001-separacao-fontes-e-target.md,1408,d5a6920a1ebe65968a0e1d1bcf1a66c3b6947da4b580f1e88482f47aab7dc53d
docs,fase_2/docs/decisions/002-interpolacao-adiada.md,504,345231ea32903af2a078df0b5f7100759ddb09caf15c09185223a75b6972d417
docs,fase_2/docs/decisions/003-missingness-estratificada.md,1433,4eeba6d726f7407e8cf842f2377254d1c6e2c77d26ee6dc7355950155c5339f6
docs,fase_2/docs/decisions/004-splits-validacao.md,1191,76226e0b4acb5cbba1a6cb472fddfd89358a33f74d38c41ad3b728d4c3499498
docs,fase_2/docs/decisions/005-interpolacao-g3.md,1874,8f2dddef770862bfb67fc49010670e1f08ec834ae259ab386fd9fd7191d37ec8
docs,fase_2/docs/decisions/006-desbalanceamento-g4.md,1137,2d3fd1f760e6aceedfb0e880a00debbead3cbc6f43adcbfbf7d4bb2695f84806
docs,fase_2/docs/decisions/README.md,538,4b9a53456bbf66fcd48a7531aaecab45381a79197f4d91ed99c59d48475f7a17
docs,fase_2/docs/implementation_plan.md,10490,8692742f632c875388c3835030cbce759869e34f7dea82edb4bdb2e6cc0342c2
docs,fase_2/docs/integrated_plan_gap_analysis.md,17277,b006eb69acee4b2ab4d355166d3703274d2cd6d147ccf7a533b634491fd03e39
docs,fase_2/docs/methodology/experimental_protocol.md,11812,3364794af4b4b96fb5b983cd2c61ecefdf94f27a311d2a36a95c4affc0ae4c20
docs,fase_2/docs/months/mes_01_dados_protocolo.md,10617,0182cdb6ba78844e0aeec871f4970047bf9670e0e11ea93b2a8db09a96055c1d
docs,fase_2/docs/next_steps.md,6415,97ba246dfd95f85546e0f190b76665e3bc220d98cd718bcaf4a3aa6eee197bc5
docs,fase_2/docs/plano_pos_banca.md,15225,90a57cbfebb15d782a1c1a784b8ac2ae7469e4d4270bdd30b5a7133cbe7352fa
docs,fase_2/docs/qualification_baseline.md,6177,13a97d1d882dd9134aaf1868f84005491c5d429df835faaac836747e1875ddf3
docs,fase_2/docs/README.md,2158,a5fbbb59fb39835b8aa11956c8403c65e607ccebfb6cf06bbf96a79218bbc3b7
G4,fase_2/outputs/models/G4/G4__g4_b_class_weights_w150__transformer__r0__w150__fold_1__seed_42/best_macro_f1.pt,269619,295b9042908a8f5eeec9b43e67e66411ec10ee64f6eefaa4e15a2b044c376733
G4,fase_2/outputs/models/G4/G4__g4_b_class_weights_w150__transformer__r0__w150__fold_1__seed_42/epoch_010.pt,267895,1bde6affb753ce68496b9ac7fa4ae636c0ab9bd1725bb600cc1ec134569fa12b
G4,fase_2/outputs/models/G4/G4__g4_b_class_weights_w150__transformer__r0__w150__fold_1__seed_42/epoch_020.pt,268983,1a2f9ea3e3f3432fd3cb45ad6f17899216be5acb17584523b5213fe514b20074
G4,fase_2/outputs/models/G4/G4__g4_b_class_weights_w150__transformer__r0__w150__fold_1__seed_42/epoch_030.pt,270135,62a3296234236b30212cefeff547a18873e2973d76bee6896d91e348afbb3252
G4,fase_2/outputs/models/G4/G4__g4_b_class_weights_w150__transformer__r0__w150__fold_1__seed_42/last.pt,269756,14a9eccc9f5972d58617e18830161d4f541e852cb2399c01b9602f98f222b382
G4,fase_2/outputs/models/G4/G4__g4_b_class_weights_w150__transformer__r0__w150__fold_2__seed_42/best_macro_f1.pt,267955,c2a47a1281c13edb8dcb998c986f59efe022d37aba0cc0437e969f79945e2fba
G4,fase_2/outputs/models/G4/G4__g4_b_class_weights_w150__transformer__r0__w150__fold_2__seed_42/epoch_010.pt,267895,4d46c84145bcdd61bb1e34d4b6251f699310ec0adae246c49f49b4711b0a5020
G4,fase_2/outputs/models/G4/G4__g4_b_class_weights_w150__transformer__r0__w150__fold_2__seed_42/epoch_020.pt,268983,f1f0f22e53b4c8db172bc250f43e455d49b82a1c1a241d81542219e58bae5084
G4,fase_2/outputs/models/G4/G4__g4_b_class_weights_w150__transformer__r0__w150__fold_2__seed_42/last.pt,268092,590587781795d18b6c40d4a680d610008a24e55ba422436427f135a26d0ddc70
G4,fase_2/outputs/models/G4/G4__g4_b_class_weights_w150__transformer__r0__w150__fold_3__seed_42/best_macro_f1.pt,268531,f692e5edd95d109b1de027bdbc9eb627724fd50b47a6a591369a17b9060d5e0f
G4,fase_2/outputs/models/G4/G4__g4_b_class_weights_w150__transformer__r0__w150__fold_3__seed_42/epoch_010.pt,267895,2b82dfad25be22be539f1dbb5c7e79b29955066c4691624c9c6837b2b1a35697
G4,fase_2/outputs/models/G4/G4__g4_b_class_weights_w150__transformer__r0__w150__fold_3__seed_42/epoch_020.pt,268983,43e1e98c5d41b83c30ad3469aa2cb5a4aae60d5d281f4721480e19037dcc2dea
G4,fase_2/outputs/models/G4/G4__g4_b_class_weights_w150__transformer__r0__w150__fold_3__seed_42/last.pt,268668,dc24d568ad767366c7c426dba5da3bcd951e39d3b70ea090acb8054dbdafde79
G4,fase_2/outputs/models/G4/G4__g4_b_class_weights_w150__transformer__r0__w150__fold_4__seed_42/best_macro_f1.pt,267635,1fa25056e7ef0f1f89133ce30428801395502a50af03f67b5b4a87360b7e4307
G4,fase_2/outputs/models/G4/G4__g4_b_class_weights_w150__transformer__r0__w150__fold_4__seed_42/epoch_010.pt,267895,f2482d00928243d26e0fa30d7ba38aad875291830f12eac62645d0979e4b5317
G4,fase_2/outputs/models/G4/G4__g4_b_class_weights_w150__transformer__r0__w150__fold_4__seed_42/last.pt,267772,9156b3f99e9d60e167cac951a63c2b6d97070d07fd01b6b5f1b8480f57d66759
G4,fase_2/outputs/models/G4/G4__g4_b_class_weights_w60__lstm__r0__w60__fold_1__seed_42/best_macro_f1.pt,652434,c7dacdf1e7acb40dfe9f09265352cdd18b0c36f4c8d0b45f3c9edfc58cbf72f6
G4,fase_2/outputs/models/G4/G4__g4_b_class_weights_w60__lstm__r0__w60__fold_1__seed_42/epoch_010.pt,652338,c764ca6987abd406faa74f0804cd5f873b691503ab75663022d590d334e99946
G4,fase_2/outputs/models/G4/G4__g4_b_class_weights_w60__lstm__r0__w60__fold_1__seed_42/epoch_020.pt,653426,a1c536ea8b8e0312cfdbee29fd948f6fbbd654f0d4886da256cad7e0d42fc5a5
G4,fase_2/outputs/models/G4/G4__g4_b_class_weights_w60__lstm__r0__w60__fold_1__seed_42/last.pt,653162,50d34633a7f37f20c54aef12155eeb71fedcfac6cde9eeeb96d30b2c3b2f6546
G4,fase_2/outputs/models/G4/G4__g4_b_class_weights_w60__lstm__r0__w60__fold_2__seed_42/best_macro_f1.pt,652306,54a8c3fc50c826f3b372000378101eeb1c78b98da9ee98a9ebc7a6b286ffe5fa
G4,fase_2/outputs/models/G4/G4__g4_b_class_weights_w60__lstm__r0__w60__fold_2__seed_42/epoch_010.pt,652338,37739de823a9d52bdd2c837fddd42b7ea15a2daf921230f4701074a55a3e1053
G4,fase_2/outputs/models/G4/G4__g4_b_class_weights_w60__lstm__r0__w60__fold_2__seed_42/epoch_020.pt,653426,4165bcb2a5ae9dbcf79a1858e223deef9c3a72247cfcb0ad2260c9cc09736529
G4,fase_2/outputs/models/G4/G4__g4_b_class_weights_w60__lstm__r0__w60__fold_2__seed_42/last.pt,653034,b7c85b42e9dceede1fba3fb7f9ace39d908bb2be0244841b34634e149da1b24b
G4,fase_2/outputs/models/G4/G4__g4_b_class_weights_w60__lstm__r0__w60__fold_3__seed_42/best_macro_f1.pt,652754,1ff0e578f09ba1da55e9244e340d048c64c5a7ae079ac2a5eb8ab0f6e30f787c
G4,fase_2/outputs/models/G4/G4__g4_b_class_weights_w60__lstm__r0__w60__fold_3__seed_42/epoch_010.pt,652338,8ea3ab6fa6f784d92393f58ae33d012318c703bb2f579b424926cc67ac52f688
G4,fase_2/outputs/models/G4/G4__g4_b_class_weights_w60__lstm__r0__w60__fold_3__seed_42/epoch_020.pt,653426,d6dc4a2908812ef05132c52b411af63db9e30ff083aecf1ac14096f41314f923
G4,fase_2/outputs/models/G4/G4__g4_b_class_weights_w60__lstm__r0__w60__fold_3__seed_42/last.pt,653482,8adbb0a0897454b8dc860d5800801260f72b5d6906362cc82878b0882599741c
G4,fase_2/outputs/models/G4/G4__g4_b_class_weights_w60__lstm__r0__w60__fold_4__seed_42/best_macro_f1.pt,653266,d3f1c7bf9676a427d04979125de785706767d13eb020714a2115d1eecedb63d6
G4,fase_2/outputs/models/G4/G4__g4_b_class_weights_w60__lstm__r0__w60__fold_4__seed_42/epoch_010.pt,652338,9975a44d2eadb0ec0f9a569fe3ee0cbf2584360e4e64bd5990d70d0587b451ca
G4,fase_2/outputs/models/G4/G4__g4_b_class_weights_w60__lstm__r0__w60__fold_4__seed_42/epoch_020.pt,653426,23d466cbbcbe32f25323feee5aed1f337aeac25377f31e2e5da6639438e0fdc8
G4,fase_2/outputs/models/G4/G4__g4_b_class_weights_w60__lstm__r0__w60__fold_4__seed_42/epoch_030.pt,654578,b48d623daaf88088965b2631c7c12cfebea97ca25e6e33cbe530826026a4f37e
G4,fase_2/outputs/models/G4/G4__g4_b_class_weights_w60__lstm__r0__w60__fold_4__seed_42/last.pt,654058,f8fdfc2a61de4ae41d7e808af7ad63de104ae3849b08b0d8bbc04b2caaedb9bb
G4,fase_2/outputs/models/G4/G4__g4_b_class_weights_w60__svm__r0__w60__fold_1__seed_42.joblib,3419957,fb2828dcfa2d1c8685a69e3b7a1958cd85520b662ae5db7a60b6576213fce6f8
G4,fase_2/outputs/models/G4/G4__g4_b_class_weights_w60__svm__r0__w60__fold_1__seed_42.json,258,eb5f21f6e9d3afdd138f7c0efe39a8cfb1a96c3a27ea48ed47cc0025afcdc7b0
G4,fase_2/outputs/models/G4/G4__g4_b_class_weights_w60__svm__r0__w60__fold_2__seed_42.joblib,3310341,850f5dc754ee20eb97edd365071f670f370b33c031ffebdc14485544b99446da
G4,fase_2/outputs/models/G4/G4__g4_b_class_weights_w60__svm__r0__w60__fold_2__seed_42.json,258,c04acebb96a5e588cbde16da5210ed35d1397251d31dd72cef67ebcae3145525
G4,fase_2/outputs/models/G4/G4__g4_b_class_weights_w60__svm__r0__w60__fold_3__seed_42.joblib,3475989,1c3f0cb261676cef91f959e710996cfa84e4bee5ac400110ce8510830b2523a4
G4,fase_2/outputs/models/G4/G4__g4_b_class_weights_w60__svm__r0__w60__fold_3__seed_42.json,258,7212bf2a909358eb7bef2ebb82b911d53792da8a558b2aacd2888fd31029c206
G4,fase_2/outputs/models/G4/G4__g4_b_class_weights_w60__svm__r0__w60__fold_4__seed_42.joblib,3329829,9d16abc76ba1a79cb4d6b60d258d4a8a3687b50635d312bbf3ba683fa242817f
G4,fase_2/outputs/models/G4/G4__g4_b_class_weights_w60__svm__r0__w60__fold_4__seed_42.json,258,6f17941ba50381408540b7feed1806dd9dd5bc51fedc8231c3f19841d9ba90b5
G4,fase_2/outputs/models/G4/G4__g4_b_class_weights_w60__tcn__r0__w60__fold_1__seed_42/best_macro_f1.pt,637116,100ee0e5bc547f3c72cb3a4076d8cfd0771e43fa58002830198a4751e2016bd2
G4,fase_2/outputs/models/G4/G4__g4_b_class_weights_w60__tcn__r0__w60__fold_1__seed_42/epoch_010.pt,637376,75ab9fbc83a476ba2c6bee940b8b9952f9a01711c4e9b1bda6412a0ed960c32b
G4,fase_2/outputs/models/G4/G4__g4_b_class_weights_w60__tcn__r0__w60__fold_1__seed_42/epoch_020.pt,638464,6cc7293ed352a6ae0a45eadbbcc0b36c58fdd508c7eafbc4533aa102f405a5e5
G4,fase_2/outputs/models/G4/G4__g4_b_class_weights_w60__tcn__r0__w60__fold_1__seed_42/last.pt,637621,869f2761f013f356f611a4ff366e69500a628163b331825f0a4d98716a98eb15
G4,fase_2/outputs/models/G4/G4__g4_b_class_weights_w60__tcn__r0__w60__fold_2__seed_42/best_macro_f1.pt,637052,1f2d60c097f666f9a5d8276ff869ddd6cacdc76591fda14287adf6dff1ce9db0
G4,fase_2/outputs/models/G4/G4__g4_b_class_weights_w60__tcn__r0__w60__fold_2__seed_42/epoch_010.pt,637376,4742c174f8f5877d807c5708dfe1759c301a60856b570a1e34f59fd189822ff2
G4,fase_2/outputs/models/G4/G4__g4_b_class_weights_w60__tcn__r0__w60__fold_2__seed_42/last.pt,637493,41f356e28c3bee9deaadc66b31bede766e42f50fb5f823e86f46b3fa35b6192c
G4,fase_2/outputs/models/G4/G4__g4_b_class_weights_w60__tcn__r0__w60__fold_3__seed_42/best_macro_f1.pt,637052,dd301fc69ff00fa33e3e98350a5b8a20441ff1e0bd5d186ed722db76082d800f
G4,fase_2/outputs/models/G4/G4__g4_b_class_weights_w60__tcn__r0__w60__fold_3__seed_42/epoch_010.pt,637376,18efa82364ba3d34c0f88a7abbd234290869e3cf80245f3024652e1743a48f7b
G4,fase_2/outputs/models/G4/G4__g4_b_class_weights_w60__tcn__r0__w60__fold_3__seed_42/last.pt,637493,6001c382bedaf1ddf50008d1811eb4a627ac25d08a36cd5ddc6321f4b1c19cce
G4,fase_2/outputs/models/G4/G4__g4_b_class_weights_w60__tcn__r0__w60__fold_4__seed_42/best_macro_f1.pt,637052,d24c4ed6f0b3f257bf154f9f9d480b782a7c977cc4e98dabb0e00b1db53532ac
G4,fase_2/outputs/models/G4/G4__g4_b_class_weights_w60__tcn__r0__w60__fold_4__seed_42/epoch_010.pt,637376,2271983c9f476367cde9d551f39d050b266c580eade317d4cb49661b3600ecd8
G4,fase_2/outputs/models/G4/G4__g4_b_class_weights_w60__tcn__r0__w60__fold_4__seed_42/last.pt,637493,b09f6b313fed63a6703d722749afe31adcaa5b32826b37459e048fd102767593
G4,fase_2/outputs/models/G4/G4__g4_c_weighted_sampling_w150__transformer__r0__w150__fold_1__seed_42/best_macro_f1.pt,268403,43849643a9f86debe865d6d5e2ef7df1127c1a77b2a9f186cf0901ed9c760218
G4,fase_2/outputs/models/G4/G4__g4_c_weighted_sampling_w150__transformer__r0__w150__fold_1__seed_42/epoch_010.pt,267895,3a1c1313da5c51433b9fb815a04fc7789897340380e3842304a55c97ceca6b5b
G4,fase_2/outputs/models/G4/G4__g4_c_weighted_sampling_w150__transformer__r0__w150__fold_1__seed_42/epoch_020.pt,268983,100ffdb41b2025bf940e989ae9a504e7284ddee9c57e4ada4409c657d00a4fe9
G4,fase_2/outputs/models/G4/G4__g4_c_weighted_sampling_w150__transformer__r0__w150__fold_1__seed_42/last.pt,268540,871488ec5bdfe5074d717a96ee3301f3ac0f2942f53ce461478749adba9c6b3b
G4,fase_2/outputs/models/G4/G4__g4_c_weighted_sampling_w150__transformer__r0__w150__fold_2__seed_42/best_macro_f1.pt,267891,cc14978ffe5a6e647dd41140120f8c3eeb1c2028a4edd9e9042296bec7180f4b
G4,fase_2/outputs/models/G4/G4__g4_c_weighted_sampling_w150__transformer__r0__w150__fold_2__seed_42/epoch_010.pt,267895,a29ae3d143d9ba7553faa803e8bfe3dde2dd9d9f94983985bf0872902e57b9bf
G4,fase_2/outputs/models/G4/G4__g4_c_weighted_sampling_w150__transformer__r0__w150__fold_2__seed_42/epoch_020.pt,268983,2577ecf6cadcdc3b62588ddc01611c132a093ce5a6883a8a26a79877d485783b
G4,fase_2/outputs/models/G4/G4__g4_c_weighted_sampling_w150__transformer__r0__w150__fold_2__seed_42/last.pt,267964,58a43c6585bf3fc5bf8e459253ba966161c3a85ec3802472486d63ac8f25a928
G4,fase_2/outputs/models/G4/G4__g4_c_weighted_sampling_w150__transformer__r0__w150__fold_3__seed_42/best_macro_f1.pt,268979,e893be572ac92a2b370ba3abc6971d06acb53aa6dfbeb53b2ef1b864c6fd0755
G4,fase_2/outputs/models/G4/G4__g4_c_weighted_sampling_w150__transformer__r0__w150__fold_3__seed_42/epoch_010.pt,267895,af83ee70794d258f137db94bfa8aea97cd6cce53e7bcc7e57992f0eec32ca7df
G4,fase_2/outputs/models/G4/G4__g4_c_weighted_sampling_w150__transformer__r0__w150__fold_3__seed_42/epoch_020.pt,268983,5717ccdfd25b0137502edc772401c22785d1b8ce3f802e7f65e2c5187ad12d7a
G4,fase_2/outputs/models/G4/G4__g4_c_weighted_sampling_w150__transformer__r0__w150__fold_3__seed_42/epoch_030.pt,270135,f783743aae1141d20bb174a6c045405f34a7d111bd940428221f57c3fcf791d4
G4,fase_2/outputs/models/G4/G4__g4_c_weighted_sampling_w150__transformer__r0__w150__fold_3__seed_42/last.pt,269052,f1f97c88aa178987369dbbb323eaefc13b1094c36443884c069b91365ffd675e
G4,fase_2/outputs/models/G4/G4__g4_c_weighted_sampling_w150__transformer__r0__w150__fold_4__seed_42/best_macro_f1.pt,267635,5534eeb6246b26761ccf54af814edb511df8eab37db4c29959a6a42ef7ba237e
G4,fase_2/outputs/models/G4/G4__g4_c_weighted_sampling_w150__transformer__r0__w150__fold_4__seed_42/epoch_010.pt,267895,f9c11f3a5a0f679f4dfb75d4674f5418ee870c3e2b097a65a245c1b77c1cfe99
G4,fase_2/outputs/models/G4/G4__g4_c_weighted_sampling_w150__transformer__r0__w150__fold_4__seed_42/last.pt,267772,90873b207beb18da05f9c2f280cbf9d680af1d1611839efb1ecbdeb9b8b2eaa4
G4,fase_2/outputs/models/G4/G4__g4_c_weighted_sampling_w60__lstm__r0__w60__fold_1__seed_42/best_macro_f1.pt,652050,97677d5327198337e835f3a4e10134298f5bdb21c93485a518ae8fe90200665b
G4,fase_2/outputs/models/G4/G4__g4_c_weighted_sampling_w60__lstm__r0__w60__fold_1__seed_42/epoch_010.pt,652338,219b0b9dff27a3656d9cd7223f957c43660f6cbdfffca48bf97f868659a61063
G4,fase_2/outputs/models/G4/G4__g4_c_weighted_sampling_w60__lstm__r0__w60__fold_1__seed_42/epoch_020.pt,653426,dd3504908fec17d6f65f475eb99b15fc5c3f49a7f7fb8fd8eec1db72d56cbf83
G4,fase_2/outputs/models/G4/G4__g4_c_weighted_sampling_w60__lstm__r0__w60__fold_1__seed_42/last.pt,652842,220e9d0640b852ba374f2281c430e2c9253a12f49313990cd996439f28c8eb93
G4,fase_2/outputs/models/G4/G4__g4_c_weighted_sampling_w60__lstm__r0__w60__fold_2__seed_42/best_macro_f1.pt,651986,8a6438c40ffc07451bbb118f2bf7e012b76942af96c20a83afc69fb8d8eb1f85
G4,fase_2/outputs/models/G4/G4__g4_c_weighted_sampling_w60__lstm__r0__w60__fold_2__seed_42/epoch_010.pt,652338,6f84324077145bb17bb62f1e85d2d6b2293a2a688d1e5d2ceec6373efc7e9227
G4,fase_2/outputs/models/G4/G4__g4_c_weighted_sampling_w60__lstm__r0__w60__fold_2__seed_42/epoch_020.pt,653426,5da42aaae1cced30aa8e0c6d08a666d1917f76b777c05e0806b1bb8d0280f8e0
G4,fase_2/outputs/models/G4/G4__g4_c_weighted_sampling_w60__lstm__r0__w60__fold_2__seed_42/last.pt,652714,4c843686359615c881e201e5fcb858999346ac2ebc849cf113c856d1e2a65ca9
G4,fase_2/outputs/models/G4/G4__g4_c_weighted_sampling_w60__lstm__r0__w60__fold_3__seed_42/best_macro_f1.pt,652818,7dece01e10d5b51ba13117b02ecdd342ab4558f3db357ae258f59fc856747bed
G4,fase_2/outputs/models/G4/G4__g4_c_weighted_sampling_w60__lstm__r0__w60__fold_3__seed_42/epoch_010.pt,652338,68d77983b4c7b1e5c315312dcbbc16c5e9a00ddeecf21be7ae6a8cfe30098905
G4,fase_2/outputs/models/G4/G4__g4_c_weighted_sampling_w60__lstm__r0__w60__fold_3__seed_42/epoch_020.pt,653426,97d74b98ba8ac5ddcc22640cb832eef1324a0b14541c22b3f76daf4e70da73f4
G4,fase_2/outputs/models/G4/G4__g4_c_weighted_sampling_w60__lstm__r0__w60__fold_3__seed_42/last.pt,653610,41713f2d43700d28793b20e89265c2d2eb7cf3434d8b1d42516206cd7ab9c128
G4,fase_2/outputs/models/G4/G4__g4_c_weighted_sampling_w60__lstm__r0__w60__fold_4__seed_42/best_macro_f1.pt,652626,e43f4de7cd40b7963128fb40b497b07a133810d7121836f208f49391467b483b
G4,fase_2/outputs/models/G4/G4__g4_c_weighted_sampling_w60__lstm__r0__w60__fold_4__seed_42/epoch_010.pt,652338,eb19c3f8b1c5eeb0ab0547542e6bedbce61580435e95a6f10b8ef43fd4befa77
G4,fase_2/outputs/models/G4/G4__g4_c_weighted_sampling_w60__lstm__r0__w60__fold_4__seed_42/epoch_020.pt,653426,b0cc9c820f60e3fc792e3484f562aaa6997eb5b9e74415cf31577cf81c01d8ea
G4,fase_2/outputs/models/G4/G4__g4_c_weighted_sampling_w60__lstm__r0__w60__fold_4__seed_42/last.pt,653418,263dcfff25adf10fb3e52be315ca662015942ee751d79621e768c3bd1e54551b
G4,fase_2/outputs/models/G4/G4__g4_c_weighted_sampling_w60__svm__r0__w60__fold_1__seed_42.joblib,2391909,56c1fb0a231ed7fd9032ac5a8603c0148ccf74e78da3d46525aab902ffb3b9e1
G4,fase_2/outputs/models/G4/G4__g4_c_weighted_sampling_w60__svm__r0__w60__fold_1__seed_42.json,267,5070105758630b00e6d2f1488b37dd14f2df64ff81b8cf697b543029448c680f
G4,fase_2/outputs/models/G4/G4__g4_c_weighted_sampling_w60__svm__r0__w60__fold_2__seed_42.joblib,3427221,b63b7b9003bb0e24b2d8d8376aacea77a04118a21e2991985aee05dc5241a424
G4,fase_2/outputs/models/G4/G4__g4_c_weighted_sampling_w60__svm__r0__w60__fold_2__seed_42.json,266,8b4620143b9a88ee422ddb0baa64391f887ebb3ca7eb975d761b06e453275f6b
G4,fase_2/outputs/models/G4/G4__g4_c_weighted_sampling_w60__svm__r0__w60__fold_3__seed_42.joblib,4143397,2643f5d01166650881f8c880e54c516f42fa2f49d3ba1f48364e5801de7943a9
G4,fase_2/outputs/models/G4/G4__g4_c_weighted_sampling_w60__svm__r0__w60__fold_3__seed_42.json,266,16f8ee51d488d3a8944c605578bd459d64a3f74a47510f7019b5a9badbb58701
G4,fase_2/outputs/models/G4/G4__g4_c_weighted_sampling_w60__svm__r0__w60__fold_4__seed_42.joblib,3841333,6759e543ca910f370fa0a20e8732e0c6c63aa837c02e679ef82425d95b325133
G4,fase_2/outputs/models/G4/G4__g4_c_weighted_sampling_w60__svm__r0__w60__fold_4__seed_42.json,266,1922a933f9bc57c89c901bdb93682c1d90427ac8ddf67911ca7d15dd9d231de8
G4,fase_2/outputs/models/G4/G4__g4_c_weighted_sampling_w60__tcn__r0__w60__fold_1__seed_42/best_macro_f1.pt,638268,f821a0b57a123197e9731daab331aada664aeddf3739dc3288cf670ec0065ba3
G4,fase_2/outputs/models/G4/G4__g4_c_weighted_sampling_w60__tcn__r0__w60__fold_1__seed_42/epoch_010.pt,637376,639da9b7800381ffdb96d55fe70bd634a5d60477c05ee9df1bd2b218e3fe0335
G4,fase_2/outputs/models/G4/G4__g4_c_weighted_sampling_w60__tcn__r0__w60__fold_1__seed_42/epoch_020.pt,638464,7e2e0cfe29856231d7354ced731cb3f88b3af3ea14a7b02945c17e0658a83832
G4,fase_2/outputs/models/G4/G4__g4_c_weighted_sampling_w60__tcn__r0__w60__fold_1__seed_42/epoch_030.pt,639552,8e82153baea4bae0a472d517ee3f49832449336d75ddeaa17110598a852a6a13
G4,fase_2/outputs/models/G4/G4__g4_c_weighted_sampling_w60__tcn__r0__w60__fold_1__seed_42/last.pt,638709,de1be412661cd3e529b091c1b6ea5aed1c615d9368119c11bb8a33429c93ad9b
G4,fase_2/outputs/models/G4/G4__g4_c_weighted_sampling_w60__tcn__r0__w60__fold_2__seed_42/best_macro_f1.pt,637820,39e3d767ff16626c5d934c45c7df20dca02738203fca5813fd665b88d95ae9fa
G4,fase_2/outputs/models/G4/G4__g4_c_weighted_sampling_w60__tcn__r0__w60__fold_2__seed_42/epoch_010.pt,637376,a5c00b39b220d5db1430412ad4cfdf06da8579f2b55f1d6cf8e89817696dbb4c
G4,fase_2/outputs/models/G4/G4__g4_c_weighted_sampling_w60__tcn__r0__w60__fold_2__seed_42/epoch_020.pt,638464,ed035f839c700b3f8f22ae2991b33c1a9cf2c4d7cfa6b8bcffcb58c7f8bd1594
G4,fase_2/outputs/models/G4/G4__g4_c_weighted_sampling_w60__tcn__r0__w60__fold_2__seed_42/last.pt,638261,c952a7023ddf9f101d1497a300390781b1247f08b5c16170bf8be143eed7c420
G4,fase_2/outputs/models/G4/G4__g4_c_weighted_sampling_w60__tcn__r0__w60__fold_3__seed_42/best_macro_f1.pt,636924,61e917bece83c42f1f6d0c6860ecf91952dad06712922b5e5e12e19d45151535
G4,fase_2/outputs/models/G4/G4__g4_c_weighted_sampling_w60__tcn__r0__w60__fold_3__seed_42/epoch_010.pt,637376,7156c2adc23f73aa80093f77d45312f89444cf190212cc6f15efadd543b4ba8b
G4,fase_2/outputs/models/G4/G4__g4_c_weighted_sampling_w60__tcn__r0__w60__fold_3__seed_42/last.pt,637429,71eec87a4a7a3ee9a641380c4eeb07577f83e9ce87a8b4ba76e19b66187e9c19
G4,fase_2/outputs/models/G4/G4__g4_c_weighted_sampling_w60__tcn__r0__w60__fold_4__seed_42/best_macro_f1.pt,637052,a7f7f50fb22c26f603b7c546849ddd1758a7d4f67c69561b1ce9a92a88ba003a
G4,fase_2/outputs/models/G4/G4__g4_c_weighted_sampling_w60__tcn__r0__w60__fold_4__seed_42/epoch_010.pt,637376,dd47b6dde60b9b1ade3bf321e4ad466b085ef811cf4395594fdf3cc8c3b5ab7c
G4,fase_2/outputs/models/G4/G4__g4_c_weighted_sampling_w60__tcn__r0__w60__fold_4__seed_42/last.pt,637493,1b352c93afdf067ce61fcdd73f61d355aaec982c428c040a962fa8fc35f84c0e
G4,fase_2/outputs/models/G4/G4__g4_d_augmentation_w150__transformer__r0__w150__fold_1__seed_42/best_macro_f1.pt,268531,d226175d765ff2707660d2c9a2ad5b252b2d2521f20c44d2a0dfac6864347502
G4,fase_2/outputs/models/G4/G4__g4_d_augmentation_w150__transformer__r0__w150__fold_1__seed_42/epoch_010.pt,267895,756ba1592673a3bdb9acd4e0a0482329cd0a16800280507b3620b8d7d504ea40
G4,fase_2/outputs/models/G4/G4__g4_d_augmentation_w150__transformer__r0__w150__fold_1__seed_42/epoch_020.pt,268983,44f58654dfd0718e67fd9036d7fc7d2b87ca565149fcb5733a13536690e7504f
G4,fase_2/outputs/models/G4/G4__g4_d_augmentation_w150__transformer__r0__w150__fold_1__seed_42/last.pt,268668,ea03b310128763ada01450fdee3442850faacdc8d97c7cca39e0e3326380804d
G4,fase_2/outputs/models/G4/G4__g4_d_augmentation_w150__transformer__r0__w150__fold_2__seed_42/best_macro_f1.pt,267635,92160f6c77c58d99d98f8c78a73ff23272f432dc2d32b4c7c2be424209e5ef93
G4,fase_2/outputs/models/G4/G4__g4_d_augmentation_w150__transformer__r0__w150__fold_2__seed_42/epoch_010.pt,267895,2dfe9bb078dfba5a32c5cd38381ab975c6ec42e8bb81aefa88ac61a1cff3f13d
G4,fase_2/outputs/models/G4/G4__g4_d_augmentation_w150__transformer__r0__w150__fold_2__seed_42/last.pt,267772,71027373b74239aac949f32cbf6bc6680c00f6a938d6128605e106e91173e5b8
G4,fase_2/outputs/models/G4/G4__g4_d_augmentation_w150__transformer__r0__w150__fold_3__seed_42/best_macro_f1.pt,267955,f1520d83ee7a84e6886bce3ea2b8446883eb21b566098714d534add8fb576502
G4,fase_2/outputs/models/G4/G4__g4_d_augmentation_w150__transformer__r0__w150__fold_3__seed_42/epoch_010.pt,267895,bca34e2f7d22ff9121e797d08ff16546cef1e73b53dfaa8e232d558e2273ad8d
G4,fase_2/outputs/models/G4/G4__g4_d_augmentation_w150__transformer__r0__w150__fold_3__seed_42/epoch_020.pt,268983,e0a746d245644b6ed3b51c94d86aecc9da8bc8650854b5cc9f5039c3ec7caa6d
G4,fase_2/outputs/models/G4/G4__g4_d_augmentation_w150__transformer__r0__w150__fold_3__seed_42/last.pt,268092,aac9f7494ff9d75810d624e32a5ade90af32520aaa242a3681b38f6254df6ac5
G4,fase_2/outputs/models/G4/G4__g4_d_augmentation_w150__transformer__r0__w150__fold_4__seed_42/best_macro_f1.pt,267443,e2861151af13a8308110e2b5ceabe1f3376d99395bfa04a8692d5317c02d10f9
G4,fase_2/outputs/models/G4/G4__g4_d_augmentation_w150__transformer__r0__w150__fold_4__seed_42/epoch_010.pt,267895,cca0991cc380fcf092b36e81575157b56f600b71ffdc9cb023145635e0d210e1
G4,fase_2/outputs/models/G4/G4__g4_d_augmentation_w150__transformer__r0__w150__fold_4__seed_42/last.pt,267516,ccd6425ac15c5fd5f4b52d46f04f481445fbcd90b5f9cad66c657ad970047b1b
G4,fase_2/outputs/models/G4/G4__g4_d_augmentation_w60__lstm__r0__w60__fold_1__seed_42/best_macro_f1.pt,652050,fae28a0274b1785eedc60e553a350ad0aa5eb7a5cc55a468cf729c3fb9aa386a
G4,fase_2/outputs/models/G4/G4__g4_d_augmentation_w60__lstm__r0__w60__fold_1__seed_42/epoch_010.pt,652338,645cc211eca8fe9fe2186390875375420a80d749124dd5d12efaf23cb2a1990b
G4,fase_2/outputs/models/G4/G4__g4_d_augmentation_w60__lstm__r0__w60__fold_1__seed_42/epoch_020.pt,653426,8412eec83749c69b9a7295bc9c90d6e01ab508a43283b477f366881bcd8b22b5
G4,fase_2/outputs/models/G4/G4__g4_d_augmentation_w60__lstm__r0__w60__fold_1__seed_42/last.pt,652842,a370dc3b12a642f0d58422a4ef1b1d26d1b2da704e6cc79ae03848c1f4fca4cd
G4,fase_2/outputs/models/G4/G4__g4_d_augmentation_w60__lstm__r0__w60__fold_2__seed_42/best_macro_f1.pt,652946,86ff97e950513044e07d328c094523a3790bb925fb4840d2a8ad8742d6fba185
G4,fase_2/outputs/models/G4/G4__g4_d_augmentation_w60__lstm__r0__w60__fold_2__seed_42/epoch_010.pt,652338,7bac4e838bf0b696fd0f432e0a4000d66ab83072907337f4428091d71e6aab56
G4,fase_2/outputs/models/G4/G4__g4_d_augmentation_w60__lstm__r0__w60__fold_2__seed_42/epoch_020.pt,653426,d5f4832583cb40d8bd4bb40904826cb03721b73412abeff71f7c5ad283c87226
G4,fase_2/outputs/models/G4/G4__g4_d_augmentation_w60__lstm__r0__w60__fold_2__seed_42/last.pt,653738,752adac02cb9bd26c97f7c29690a65c0f63f985c74bb67099efa8e12d239055e
G4,fase_2/outputs/models/G4/G4__g4_d_augmentation_w60__lstm__r0__w60__fold_3__seed_42/best_macro_f1.pt,653266,7ea11f29017bfeaef0c6287394883347a29815b2309abf54d02f8e9dc73c7042
G4,fase_2/outputs/models/G4/G4__g4_d_augmentation_w60__lstm__r0__w60__fold_3__seed_42/epoch_010.pt,652338,ad4ba149325007d92b833a9dff7391ef138c69cfd49a2aa2e2e8f742a7627eab
G4,fase_2/outputs/models/G4/G4__g4_d_augmentation_w60__lstm__r0__w60__fold_3__seed_42/epoch_020.pt,653426,4e6cc278d9ac595fc4a0e44be7c04c2b34829e69b007b804816e1bb972339f7b
G4,fase_2/outputs/models/G4/G4__g4_d_augmentation_w60__lstm__r0__w60__fold_3__seed_42/epoch_030.pt,654578,1013df66419c4cba8d73a0438207086db6ec66809310a70b523b8cff6d9c9b2e
G4,fase_2/outputs/models/G4/G4__g4_d_augmentation_w60__lstm__r0__w60__fold_3__seed_42/last.pt,654058,2c97f2aef74138977063a92a557e68d3ffe1337b0192615ca4388ee6623b4f8a
G4,fase_2/outputs/models/G4/G4__g4_d_augmentation_w60__lstm__r0__w60__fold_4__seed_42/best_macro_f1.pt,652754,aaa6a2fdb140f6bd8f2696e641984e87cd398666c3515bb525b1fee5155fe50e
G4,fase_2/outputs/models/G4/G4__g4_d_augmentation_w60__lstm__r0__w60__fold_4__seed_42/epoch_010.pt,652338,ff64f8577bbcfde70611fe1c840d05bad5a475493ae733431cf525874750297d
G4,fase_2/outputs/models/G4/G4__g4_d_augmentation_w60__lstm__r0__w60__fold_4__seed_42/epoch_020.pt,653426,f7c79bfc09bbcae58c0cce8c201447108abd07e6fff09085069938786b123354
G4,fase_2/outputs/models/G4/G4__g4_d_augmentation_w60__lstm__r0__w60__fold_4__seed_42/last.pt,653482,1ce65a18fb7be36683f515b38dec7c7eebae5ecb617ea3029f5a95f3fda978ea
G4,fase_2/outputs/models/G4/G4__g4_d_augmentation_w60__svm__r0__w60__fold_1__seed_42.joblib,2998485,0662758b0a7128674e13e4504dea3399d86555ff783286f9f9308c9b2b732c54
G4,fase_2/outputs/models/G4/G4__g4_d_augmentation_w60__svm__r0__w60__fold_1__seed_42.json,257,470e1886adf122b059b7674f2281dedaaedf91776cc20a746529ec1151be793f
G4,fase_2/outputs/models/G4/G4__g4_d_augmentation_w60__svm__r0__w60__fold_2__seed_42.joblib,3410165,c953d753b7ccded4a8da7e0f413b37a2a930615506fa6485501fee0cf1ebbd08
G4,fase_2/outputs/models/G4/G4__g4_d_augmentation_w60__svm__r0__w60__fold_2__seed_42.json,256,d133c77fa2467dafc6f97ac3590e7a24d2fc9a55ec5e6245ec5ea067faf533da
G4,fase_2/outputs/models/G4/G4__g4_d_augmentation_w60__svm__r0__w60__fold_3__seed_42.joblib,3458885,c18c644eae13d88d4266e69192cfc4b60a7736fedd67399d27082af22f7f7b26
G4,fase_2/outputs/models/G4/G4__g4_d_augmentation_w60__svm__r0__w60__fold_3__seed_42.json,257,5ced6b46c02cb8ad7d34d0f17be473130c5f99688753fae0cf729365c282900d
G4,fase_2/outputs/models/G4/G4__g4_d_augmentation_w60__svm__r0__w60__fold_4__seed_42.joblib,3302981,72f551b0adebb3803d2af75cf257b5c6e3f08a7480092d49736363e7b7d2d5d0
G4,fase_2/outputs/models/G4/G4__g4_d_augmentation_w60__svm__r0__w60__fold_4__seed_42.json,257,59935d08a6536b65973ac6086800e0d3d730522c44a2abcf70e9a66100b34183
G4,fase_2/outputs/models/G4/G4__g4_d_augmentation_w60__tcn__r0__w60__fold_1__seed_42/best_macro_f1.pt,637372,aa661e43fc74eb9e3d16019b60a5d23162ffc2ab821f1f0b7c5d8ba82ad05678
G4,fase_2/outputs/models/G4/G4__g4_d_augmentation_w60__tcn__r0__w60__fold_1__seed_42/epoch_010.pt,637376,b2153dd77b1a83c4f7df344484d2efc2048f76d8a7a0b0743599bbdc931a96a2
G4,fase_2/outputs/models/G4/G4__g4_d_augmentation_w60__tcn__r0__w60__fold_1__seed_42/epoch_020.pt,638464,0ff6ecc30569eb7bfc66d0c19b267519135b14ed05313e3fce1f2f6197fcc3ae
G4,fase_2/outputs/models/G4/G4__g4_d_augmentation_w60__tcn__r0__w60__fold_1__seed_42/last.pt,637813,d3493f5eae2d9396ce228f6ae8986e16939681f0d6688b987d5754a723953d5c
G4,fase_2/outputs/models/G4/G4__g4_d_augmentation_w60__tcn__r0__w60__fold_2__seed_42/best_macro_f1.pt,636796,f9c030e3191cdeb977b153bb333323a49128d97db3e7feb9d084dcc53ac2c7fe
G4,fase_2/outputs/models/G4/G4__g4_d_augmentation_w60__tcn__r0__w60__fold_2__seed_42/epoch_010.pt,637760,2a0bf404f7937a0c4a8a56dbee7b8db5c25f94b751c775ac5adeba4e4f8d8afd
G4,fase_2/outputs/models/G4/G4__g4_d_augmentation_w60__tcn__r0__w60__fold_2__seed_42/last.pt,637685,686471e84b32a52a554372e99a40eea35915a059c1911c2367a0125cefdddb45
G4,fase_2/outputs/models/G4/G4__g4_d_augmentation_w60__tcn__r0__w60__fold_3__seed_42/best_macro_f1.pt,636924,9b3a09c856f6c3490f404407ec5aeea94ce9e161fab1977ce5b35ee500007fbd
G4,fase_2/outputs/models/G4/G4__g4_d_augmentation_w60__tcn__r0__w60__fold_3__seed_42/epoch_010.pt,637376,ba0312310e23e4b037f4628326b05efd206c73d30b8dfc895e7ebc27762577e0
G4,fase_2/outputs/models/G4/G4__g4_d_augmentation_w60__tcn__r0__w60__fold_3__seed_42/last.pt,637429,c8a51cf090087e03aa2cbc41267227841dd584ddc6618128b69fdefe7f404858
G4,fase_2/outputs/models/G4/G4__g4_d_augmentation_w60__tcn__r0__w60__fold_4__seed_42/best_macro_f1.pt,636796,4df5fc29a2ca994a4c77b03f669490869a6652ef7f31d8c1201904d0b85bbc73
G4,fase_2/outputs/models/G4/G4__g4_d_augmentation_w60__tcn__r0__w60__fold_4__seed_42/epoch_010.pt,637376,cae1073a62c1960fce79a239d8b60e57013268fc8bd429ab44ab720a7a6cefb5
G4,fase_2/outputs/models/G4/G4__g4_d_augmentation_w60__tcn__r0__w60__fold_4__seed_42/last.pt,637301,ba6f0ce7ef8405e0e1094f9d9db586ef27b0cf6a51e1bc8f9836c2e953dccc70
G4,fase_2/outputs/logs/G4/G4__g4_b_class_weights_w150__transformer__r0__w150__fold_1__seed_42.json,38997,8cf7b0273f9dc0f8c2024e484d9fb854cd0ebc3ec8e9ab91069b267dc9c725ab
G4,fase_2/outputs/logs/G4/G4__g4_b_class_weights_w150__transformer__r0__w150__fold_2__seed_42.json,29125,36bf206c1ddfc372784a0dceb293f0a97aa633698492d6f46cae75515e108381
G4,fase_2/outputs/logs/G4/G4__g4_b_class_weights_w150__transformer__r0__w150__fold_3__seed_42.json,32393,dfbfe293c2def1775b36afdf7233c2852dffbf03a917c09c5dd719113224586e
G4,fase_2/outputs/logs/G4/G4__g4_b_class_weights_w150__transformer__r0__w150__fold_4__seed_42.json,27232,fdf2e01232b0ed52a4383ac3258733e5fd9cc112c65b9b1ed467e737c0dd43d6
G4,fase_2/outputs/logs/G4/G4__g4_b_class_weights_w60__lstm__r0__w60__fold_1__seed_42.json,30297,d59911ea79619f5b94705f7df6a2d1ecda6f61708fc66000cbcb2e38b8af635b
G4,fase_2/outputs/logs/G4/G4__g4_b_class_weights_w60__lstm__r0__w60__fold_2__seed_42.json,29562,eec95334f3e00c722d330f692d32a64841b3e472820ad34af7ad658eeae6c06c
G4,fase_2/outputs/logs/G4/G4__g4_b_class_weights_w60__lstm__r0__w60__fold_3__seed_42.json,32204,85fa4c3b616600a6cc17ac157fa8634d64237eb21186aa2082fb1074d956c788
G4,fase_2/outputs/logs/G4/G4__g4_b_class_weights_w60__lstm__r0__w60__fold_4__seed_42.json,35299,6754c5d67384494cfa92ecb6a5f45757abfc37c137a4b09d2177679a5d5e401b
G4,fase_2/outputs/logs/G4/G4__g4_b_class_weights_w60__svm__r0__w60__fold_1__seed_42.json,14789,14630b3a9e32934bebcf6c1c58a596fb48f1570f9b9fe7ac437d555a27788b27
G4,fase_2/outputs/logs/G4/G4__g4_b_class_weights_w60__svm__r0__w60__fold_2__seed_42.json,14797,8929618e38ab61efbd3950e77be54c4c741e524ab490c1403ee8ce12d9ce935e
G4,fase_2/outputs/logs/G4/G4__g4_b_class_weights_w60__svm__r0__w60__fold_3__seed_42.json,14750,827df2ff0667cce29f2719b1e47ad518a863ee057b62f8515ae62b54ae102a8e
G4,fase_2/outputs/logs/G4/G4__g4_b_class_weights_w60__svm__r0__w60__fold_4__seed_42.json,14739,a684d4a59c67a3e73a5be993ff922405a559e271b0d5e73d239b6c06b0514c20
G4,fase_2/outputs/logs/G4/G4__g4_b_class_weights_w60__tcn__r0__w60__fold_1__seed_42.json,27652,c7b5d83e264920c77e4d5184f38f69932e1e7b67cc777fcb23964b18cac7cba6
G4,fase_2/outputs/logs/G4/G4__g4_b_class_weights_w60__tcn__r0__w60__fold_2__seed_42.json,26965,b9621e19c22949871488aeff1a85daac2bda5f68cca7c125a5ba8b51e10a2d7e
G4,fase_2/outputs/logs/G4/G4__g4_b_class_weights_w60__tcn__r0__w60__fold_3__seed_42.json,26974,2712fdc35210db8d012fcd0ad2b2e6aa94a2d9c520919052438af1ff0f95049d
G4,fase_2/outputs/logs/G4/G4__g4_b_class_weights_w60__tcn__r0__w60__fold_4__seed_42.json,26946,7604fe9ef7ada56282a77d6e421b4962fc2d66f0c920dbafa6a84da2f5c60843
G4,fase_2/outputs/logs/G4/G4__g4_c_weighted_sampling_w150__transformer__r0__w150__fold_1__seed_42.json,32300,7132cef86b5bc4c3833cd7c4fa46696bf34a0f43f77141115eac619645af327d
G4,fase_2/outputs/logs/G4/G4__g4_c_weighted_sampling_w150__transformer__r0__w150__fold_2__seed_42.json,28974,b7a44cb216e311ca92f36d5afa364bb6be9e5bbfd7a3adc6f093db336b6afee8
G4,fase_2/outputs/logs/G4/G4__g4_c_weighted_sampling_w150__transformer__r0__w150__fold_3__seed_42.json,35599,699f5877477d11fd3c0d8e3b65188658c1160ad728061a80bc6322d5c8069041
G4,fase_2/outputs/logs/G4/G4__g4_c_weighted_sampling_w150__transformer__r0__w150__fold_4__seed_42.json,27669,5fded16342be8d3265fbee004edead80e3c8dd2d49ad6ccf6129b478750628f2
G4,fase_2/outputs/logs/G4/G4__g4_c_weighted_sampling_w60__lstm__r0__w60__fold_1__seed_42.json,28845,56d6fab88fe30993a719bea0f6ac63fff8bfbe0b8d2516c8cb79be82f8997972
G4,fase_2/outputs/logs/G4/G4__g4_c_weighted_sampling_w60__lstm__r0__w60__fold_2__seed_42.json,28167,678335d012dea835c5bede041342ecfd9e1062436963a11975d3015ba8a4abe4
G4,fase_2/outputs/logs/G4/G4__g4_c_weighted_sampling_w60__lstm__r0__w60__fold_3__seed_42.json,33321,5cdf413bd0a5ab00ee0798280f1cc8d6f91b198f5d6c9bcf35d42a37da1c3363
G4,fase_2/outputs/logs/G4/G4__g4_c_weighted_sampling_w60__lstm__r0__w60__fold_4__seed_42.json,31972,6818a00b6e6039d3c9aea494c8752356afae282c1bdea680934386f4c932b066
G4,fase_2/outputs/logs/G4/G4__g4_c_weighted_sampling_w60__svm__r0__w60__fold_1__seed_42.json,15437,9d418b1cd09f3da5fbf29d1b42eed1c7c7bf0c13f29ea6bbb28d1f23777cd347
G4,fase_2/outputs/logs/G4/G4__g4_c_weighted_sampling_w60__svm__r0__w60__fold_2__seed_42.json,15399,37ca4a0031a568bab4959880c6685f871ff56baefb88920b46ed91c65cd2e1b5
G4,fase_2/outputs/logs/G4/G4__g4_c_weighted_sampling_w60__svm__r0__w60__fold_3__seed_42.json,15340,7460e572486e8bd7dc501f2a46d69e5870b93a77f8e3a6c9acd7ff239d0f9c4a
G4,fase_2/outputs/logs/G4/G4__g4_c_weighted_sampling_w60__svm__r0__w60__fold_4__seed_42.json,15395,875b321ad3fe6b009f3bd705aabf12925da42b76f7d41dc702e8cff8308cbc0c
G4,fase_2/outputs/logs/G4/G4__g4_c_weighted_sampling_w60__tcn__r0__w60__fold_1__seed_42.json,34558,298a91ab3a8416c6bcce561001b77d074f2da8ea1daf0c8b556a904443539446
G4,fase_2/outputs/logs/G4/G4__g4_c_weighted_sampling_w60__tcn__r0__w60__fold_2__seed_42.json,31906,dade20aad14f4e8231e1850abddbdb0e162999cb57282d55df9410db00e10c98
G4,fase_2/outputs/logs/G4/G4__g4_c_weighted_sampling_w60__tcn__r0__w60__fold_3__seed_42.json,26836,f9d36fb7d9cede8b1e1674ab825e176dd68f6e518a0324bc992c9abb0db61565
G4,fase_2/outputs/logs/G4/G4__g4_c_weighted_sampling_w60__tcn__r0__w60__fold_4__seed_42.json,27409,05dfa4d57d5f673ecf60726a025dd12c7403a982ac280c1003f925cbedf15179
G4,fase_2/outputs/logs/G4/G4__g4_d_augmentation_w150__transformer__r0__w150__fold_1__seed_42.json,32609,23c0576857c4ad94b95a6b5b4102adb3ce7d253eda273f4d4752e8c251c1506f
G4,fase_2/outputs/logs/G4/G4__g4_d_augmentation_w150__transformer__r0__w150__fold_2__seed_42.json,27327,d986614cfc3c841de4f733e9d4fa21c81a92405881c3d818ab0294e08d1c04c1
G4,fase_2/outputs/logs/G4/G4__g4_d_augmentation_w150__transformer__r0__w150__fold_3__seed_42.json,29302,1ac34ec9bb40526eabffc172dfa1372bf8678758c5ca9a79bb4e743b743e0904
G4,fase_2/outputs/logs/G4/G4__g4_d_augmentation_w150__transformer__r0__w150__fold_4__seed_42.json,26071,446363cd126a1e102f848f289efa643a8b4d610a30d9499e94e7c26dcdb2dc04
G4,fase_2/outputs/logs/G4/G4__g4_d_augmentation_w60__lstm__r0__w60__fold_1__seed_42.json,28475,54b2f2108ae4014205f841be4605a99c6071d9673b0046bb3886dbb6709f4359
G4,fase_2/outputs/logs/G4/G4__g4_d_augmentation_w60__lstm__r0__w60__fold_2__seed_42.json,33546,d471af2480e091a82454e18fa30b065d236c8adf017c2d66d9a4fcd354fb7613
G4,fase_2/outputs/logs/G4/G4__g4_d_augmentation_w60__lstm__r0__w60__fold_3__seed_42.json,35442,64934679d91d1074197641542a44f3c634b8f97308cb8142004f075e409f96e6
G4,fase_2/outputs/logs/G4/G4__g4_d_augmentation_w60__lstm__r0__w60__fold_4__seed_42.json,32231,f92fa575780d295ad4dfe8d0d4609748f5f0d4d5cd44c8e273116114baf5ec94
G4,fase_2/outputs/logs/G4/G4__g4_d_augmentation_w60__svm__r0__w60__fold_1__seed_42.json,14695,1609dedc3fc2a62f5605bf7e75fc8042c9f0444c993c5ea7716261843d5c44b5
G4,fase_2/outputs/logs/G4/G4__g4_d_augmentation_w60__svm__r0__w60__fold_2__seed_42.json,14712,9d9cbd7404ac9669ccca37739b5678e687701078e2c567b14ec13317efb01dad
G4,fase_2/outputs/logs/G4/G4__g4_d_augmentation_w60__svm__r0__w60__fold_3__seed_42.json,14675,b89a0110ccb831423ad773c3e7fdd025f95d4d4a300b041ee20165945275a2c3
G4,fase_2/outputs/logs/G4/G4__g4_d_augmentation_w60__svm__r0__w60__fold_4__seed_42.json,14715,9ab8e7ec725d3bfb2db7e3bc22649793b2d535ed7c9ccae569978ca773ccf56d
G4,fase_2/outputs/logs/G4/G4__g4_d_augmentation_w60__tcn__r0__w60__fold_1__seed_42.json,29020,9b256322430af182e1106c071ecd36b1dff1e7fd24ca7e57ce0b6005ea0003d2
G4,fase_2/outputs/logs/G4/G4__g4_d_augmentation_w60__tcn__r0__w60__fold_2__seed_42.json,25864,7cf60505dd430cbb5bbb0baf34b529c0512a69ea4add3103f5fccc57d43ec84d
G4,fase_2/outputs/logs/G4/G4__g4_d_augmentation_w60__tcn__r0__w60__fold_3__seed_42.json,26495,68b04e4804c79c0180500401db579d6000ba49961823e1bf7d70be10067d41a8
G4,fase_2/outputs/logs/G4/G4__g4_d_augmentation_w60__tcn__r0__w60__fold_4__seed_42.json,25841,396e5d2326b946ddb73fff7bb760802a15d2649a8da01bb2402e3f67da38aa27
G4,fase_2/outputs/predictions/G4/G4__g4_b_class_weights_w150__transformer__r0__w150__fold_1__seed_42__test.csv,145327,27a7d97ab7a6d17cbc74ce42dc18496dffcbbcaf7a71ef53b1fb655c209b7d7b
G4,fase_2/outputs/predictions/G4/G4__g4_b_class_weights_w150__transformer__r0__w150__fold_1__seed_42__validation.csv,108593,8eaf5219e53e2f320d5cd8d8847dd6ce8b1f84137c0b028c1f7c2bf5e368f018
G4,fase_2/outputs/predictions/G4/G4__g4_b_class_weights_w150__transformer__r0__w150__fold_2__seed_42__test.csv,166013,0d0c44ab309a81e1ae5fcc225b7e233031457bc9ddfc52c6d3f1a8b909cde49d
G4,fase_2/outputs/predictions/G4/G4__g4_b_class_weights_w150__transformer__r0__w150__fold_2__seed_42__validation.csv,105997,0294552bfdc0bf27fa18737e47612dbb24bcd7251d9de9e1bfe1f4e9e5dc44c1
G4,fase_2/outputs/predictions/G4/G4__g4_b_class_weights_w150__transformer__r0__w150__fold_3__seed_42__test.csv,134836,a209d7e97b45e8149484491dacfd8abfae904c423111389d6739dcc560dd3976
G4,fase_2/outputs/predictions/G4/G4__g4_b_class_weights_w150__transformer__r0__w150__fold_3__seed_42__validation.csv,104451,86a25febbfe97d6b6945f518485a57c7c3299f1271241a8f169371bb801ed220
G4,fase_2/outputs/predictions/G4/G4__g4_b_class_weights_w150__transformer__r0__w150__fold_4__seed_42__test.csv,99055,2fca94d1421c5680fa8269a52a25699a4639c7e87d6374efcb3753b7fd63f68b
G4,fase_2/outputs/predictions/G4/G4__g4_b_class_weights_w150__transformer__r0__w150__fold_4__seed_42__validation.csv,100126,c48cc7f7cea0570d46a073b11ec2d0b7cde4f6036500e0fce9713914b27e0a95
G4,fase_2/outputs/predictions/G4/G4__g4_b_class_weights_w60__lstm__r0__w60__fold_1__seed_42__test.csv,137549,2df70d1a79eeb9b8232ec8857cc41df9bc5efea3ccf786ec36c297562ad1376e
G4,fase_2/outputs/predictions/G4/G4__g4_b_class_weights_w60__lstm__r0__w60__fold_1__seed_42__validation.csv,103981,825cb0275ccdd5ebcc2dce1227af0bdf7e3489e0249c704818cbe7df38f0d694
G4,fase_2/outputs/predictions/G4/G4__g4_b_class_weights_w60__lstm__r0__w60__fold_2__seed_42__test.csv,162820,d51c48de0d322b047670909e8d83c8a8ce6a78d18687b2b7a9edaa9cfd492fe7
G4,fase_2/outputs/predictions/G4/G4__g4_b_class_weights_w60__lstm__r0__w60__fold_2__seed_42__validation.csv,103841,b8b6110e0b51283b02db6a5054440f52d69953a19faa8df566c1c82f9020aafb
G4,fase_2/outputs/predictions/G4/G4__g4_b_class_weights_w60__lstm__r0__w60__fold_3__seed_42__test.csv,129620,59c9fe716aaa4ffb0b81dfaedc9c38896d535bd905db9929e1b2a84b3a709848
G4,fase_2/outputs/predictions/G4/G4__g4_b_class_weights_w60__lstm__r0__w60__fold_3__seed_42__validation.csv,101978,ba8735ebfba921893d8517e8b81dd0c7a4e5b2881467cec715a403d1a3f85b9b
G4,fase_2/outputs/predictions/G4/G4__g4_b_class_weights_w60__lstm__r0__w60__fold_4__seed_42__test.csv,98170,12fa863a4184efeb1adea21e73feb2f853b2f70603143110b1b21fd3aa17b2c9
G4,fase_2/outputs/predictions/G4/G4__g4_b_class_weights_w60__lstm__r0__w60__fold_4__seed_42__validation.csv,99770,2730fb67b29c6c8386bfe79b39f067a1ebfef8bbac9404193ffe09770e3820ed
G4,fase_2/outputs/predictions/G4/G4__g4_b_class_weights_w60__svm__r0__w60__fold_1__seed_42__test.csv,55605,aa0f29e6e24c0d9df7dbc219d3ccddeb68955cdfc88833a4a4737f307b73be64
G4,fase_2/outputs/predictions/G4/G4__g4_b_class_weights_w60__svm__r0__w60__fold_1__seed_42__validation.csv,41274,a49127fa4fd74015abc861e5f784d3910b24dac573ee8db31bf8f50ee802b905
G4,fase_2/outputs/predictions/G4/G4__g4_b_class_weights_w60__svm__r0__w60__fold_2__seed_42__test.csv,63741,b8c608b1d4213d49bee5b7bea22af94d451cf561c784832325b35a61a629b910
G4,fase_2/outputs/predictions/G4/G4__g4_b_class_weights_w60__svm__r0__w60__fold_2__seed_42__validation.csv,40955,fe2dd003cf5aa1a5ccce9d56230a3abd62f19423cdfb9e18d6a8528aaa836358
G4,fase_2/outputs/predictions/G4/G4__g4_b_class_weights_w60__svm__r0__w60__fold_3__seed_42__test.csv,50811,783fe4a8fbb24eb0a2a82c11824cc0c7c6ee96c7cb5ef13b90bc7f3795c6349a
G4,fase_2/outputs/predictions/G4/G4__g4_b_class_weights_w60__svm__r0__w60__fold_3__seed_42__validation.csv,40585,280279df56786c14ddf257e8f39ddd96d366c53419f234a0681ce36e13a8c857
G4,fase_2/outputs/predictions/G4/G4__g4_b_class_weights_w60__svm__r0__w60__fold_4__seed_42__test.csv,38042,1b09628e70d3a11fddf91a29ff5a465ff5180ec16eee4c3d124ac0a42caec4b3
G4,fase_2/outputs/predictions/G4/G4__g4_b_class_weights_w60__svm__r0__w60__fold_4__seed_42__validation.csv,39349,767f1d922941fb4bdc374c5bcbd58cf91aca7fa964106796b875671f64f7c2e8
G4,fase_2/outputs/predictions/G4/G4__g4_b_class_weights_w60__tcn__r0__w60__fold_1__seed_42__test.csv,138321,8021a1e6c0be7ed8bd82ba06024a5bb5eba1002c8bc1e1bcae4c29c5da6c55ac
G4,fase_2/outputs/predictions/G4/G4__g4_b_class_weights_w60__tcn__r0__w60__fold_1__seed_42__validation.csv,104926,ac099ff554a4e5492fb52500dab4eb46ab6a7081b5c1d82fc1a8ef446df9a3eb
G4,fase_2/outputs/predictions/G4/G4__g4_b_class_weights_w60__tcn__r0__w60__fold_2__seed_42__test.csv,160154,238df65da281e0450493aca66b3e8a99cdfc808fe6e8bdb779c08a6375649090
G4,fase_2/outputs/predictions/G4/G4__g4_b_class_weights_w60__tcn__r0__w60__fold_2__seed_42__validation.csv,102392,f8485055dcd86050a9b8907b6d50c534f9c6d287c6d28980e6b38745c758f729
G4,fase_2/outputs/predictions/G4/G4__g4_b_class_weights_w60__tcn__r0__w60__fold_3__seed_42__test.csv,129751,73b3585bea1191583b9873744190df55e6d013067dacab25356354e02cb77d5b
G4,fase_2/outputs/predictions/G4/G4__g4_b_class_weights_w60__tcn__r0__w60__fold_3__seed_42__validation.csv,102093,a4f653928c6ff571235b9f63cd6d93b12c8fbd30709779275ccd7f8260dc253b
G4,fase_2/outputs/predictions/G4/G4__g4_b_class_weights_w60__tcn__r0__w60__fold_4__seed_42__test.csv,97677,ecd58ebe3c7d5df637f2c5caa26c7dfdaa0f87e358aaa9fd329e2f932a954c58
G4,fase_2/outputs/predictions/G4/G4__g4_b_class_weights_w60__tcn__r0__w60__fold_4__seed_42__validation.csv,99118,dfbcc79bb343375e76d159828f2b67aefec50c98bfc99e378c9e44bf02f83b78
G4,fase_2/outputs/predictions/G4/G4__g4_c_weighted_sampling_w150__transformer__r0__w150__fold_1__seed_42__test.csv,143625,7a8e2ff50cc07c4adec47e26221a4889e3c8d82f21c9dc5067c99bcc0557613b
G4,fase_2/outputs/predictions/G4/G4__g4_c_weighted_sampling_w150__transformer__r0__w150__fold_1__seed_42__validation.csv,108214,631ce3394eafc794130eb8ed370cb6e32519bc6d0a26889dc20a7c079bfb443f
G4,fase_2/outputs/predictions/G4/G4__g4_c_weighted_sampling_w150__transformer__r0__w150__fold_2__seed_42__test.csv,165628,5f7eacab39372e251bbd9739c28da0ce0c530511161808714b47588a0cb14342
G4,fase_2/outputs/predictions/G4/G4__g4_c_weighted_sampling_w150__transformer__r0__w150__fold_2__seed_42__validation.csv,105845,73b28e3a44c36c192be8c119baba6ad61f4eb60d172470d165bacde37da7ea05
G4,fase_2/outputs/predictions/G4/G4__g4_c_weighted_sampling_w150__transformer__r0__w150__fold_3__seed_42__test.csv,136850,99f1b614e508bc98fde9155fc466a340d0b8331919267bf05fd796f6262c6fff
G4,fase_2/outputs/predictions/G4/G4__g4_c_weighted_sampling_w150__transformer__r0__w150__fold_3__seed_42__validation.csv,105674,dc67f199dab48a857675e92cf06b8003e07a8576bf161041593f52e065ec1005
G4,fase_2/outputs/predictions/G4/G4__g4_c_weighted_sampling_w150__transformer__r0__w150__fold_4__seed_42__test.csv,99531,b3626e1a862eb78774303bdcc3a718ea5bcc0ccbdbd898b6f975f2b9989ba0c1
G4,fase_2/outputs/predictions/G4/G4__g4_c_weighted_sampling_w150__transformer__r0__w150__fold_4__seed_42__validation.csv,100326,18680230f17df78fb91b1bfe58a053d9fcff2f99889f07259eeb8a972dcf855b
G4,fase_2/outputs/predictions/G4/G4__g4_c_weighted_sampling_w60__lstm__r0__w60__fold_1__seed_42__test.csv,136517,a6811649e5182904f90e50ca2399cf9dd4f4660d5312a813109bff01e73d2f45
G4,fase_2/outputs/predictions/G4/G4__g4_c_weighted_sampling_w60__lstm__r0__w60__fold_1__seed_42__validation.csv,104345,8cbb8454c2848b55dfbd8606b658f1c5e1196c885ba246debfa19dd81d03dd2a
G4,fase_2/outputs/predictions/G4/G4__g4_c_weighted_sampling_w60__lstm__r0__w60__fold_2__seed_42__test.csv,161319,8dd9f573db34c7f323d7a4770a80d00bf2127d9e7ee9737680e040533cb515db
G4,fase_2/outputs/predictions/G4/G4__g4_c_weighted_sampling_w60__lstm__r0__w60__fold_2__seed_42__validation.csv,102952,7bb8a54a34a1b8a893c295d30fb5d9a1a8364e0635fa0715f8fa73af07a02e8c
G4,fase_2/outputs/predictions/G4/G4__g4_c_weighted_sampling_w60__lstm__r0__w60__fold_3__seed_42__test.csv,131292,67bfb5b3d7dc3f0cc4f97dea4a2f7d80bfa17f721bd8474258fa8345aa34286c
G4,fase_2/outputs/predictions/G4/G4__g4_c_weighted_sampling_w60__lstm__r0__w60__fold_3__seed_42__validation.csv,103002,3cb36d188084854adab5678d4a6eb5663c83ccc66aec126b52c60e4adf866a1f
G4,fase_2/outputs/predictions/G4/G4__g4_c_weighted_sampling_w60__lstm__r0__w60__fold_4__seed_42__test.csv,97248,860433ea3ed3d59a4b32798823edf0bfa87971febb44c72db2b7fa81d0feb0b2
G4,fase_2/outputs/predictions/G4/G4__g4_c_weighted_sampling_w60__lstm__r0__w60__fold_4__seed_42__validation.csv,98969,49e858c413d64a04bb09019f71b1de3675e7ff009cf8f027565c9c5586d54163
G4,fase_2/outputs/predictions/G4/G4__g4_c_weighted_sampling_w60__svm__r0__w60__fold_1__seed_42__test.csv,55411,a427382e7e63161a81a71346214513e648695e389372266bcf12f182497bee16
G4,fase_2/outputs/predictions/G4/G4__g4_c_weighted_sampling_w60__svm__r0__w60__fold_1__seed_42__validation.csv,41586,b6fa93d318919dc0c4e764f3539fd5db723132b3ab40c4f8234ef49b299f85b9
G4,fase_2/outputs/predictions/G4/G4__g4_c_weighted_sampling_w60__svm__r0__w60__fold_2__seed_42__test.csv,64241,975a398793fe6dfbd9776211f8acbf00de7ec1d0daf8b9b65203607ab46bf2fc
G4,fase_2/outputs/predictions/G4/G4__g4_c_weighted_sampling_w60__svm__r0__w60__fold_2__seed_42__validation.csv,41097,3aae1747d8972a148aa6c283b7f6b5f30075c8e43427b1edef0d0ddb54bb0034
G4,fase_2/outputs/predictions/G4/G4__g4_c_weighted_sampling_w60__svm__r0__w60__fold_3__seed_42__test.csv,51159,eba1e05c368c4c7314d5d6c96cec5e6807d401cb5bf949660e9d6008cc2c2791
G4,fase_2/outputs/predictions/G4/G4__g4_c_weighted_sampling_w60__svm__r0__w60__fold_3__seed_42__validation.csv,40995,276f6fe54693d582a3dcf599f8369bec24e7f97a0917fd4285d1cc98b27e9602
G4,fase_2/outputs/predictions/G4/G4__g4_c_weighted_sampling_w60__svm__r0__w60__fold_4__seed_42__test.csv,38112,b6fd9374afa62056bbe6063e17db664cf91e1d4c61e4f9b5ca0f28e0a5b56faf
G4,fase_2/outputs/predictions/G4/G4__g4_c_weighted_sampling_w60__svm__r0__w60__fold_4__seed_42__validation.csv,39573,08a9fa9742e8ccbe516e6be15e57a9544ed32d18f6f7844aafe46e80d942f68d
G4,fase_2/outputs/predictions/G4/G4__g4_c_weighted_sampling_w60__tcn__r0__w60__fold_1__seed_42__test.csv,142431,4535b32d57989d438c9a6f9db7ff34772fd3dafef467d9940a3e37fc8045bbd5
G4,fase_2/outputs/predictions/G4/G4__g4_c_weighted_sampling_w60__tcn__r0__w60__fold_1__seed_42__validation.csv,109999,ff6d1df2f164edafbc9c9f6d0474d85371bcb52f17e626e90c44f739f6e9bcaf
G4,fase_2/outputs/predictions/G4/G4__g4_c_weighted_sampling_w60__tcn__r0__w60__fold_2__seed_42__test.csv,165261,55117c1cc1a17e6e624d22990e7a5069ff06e1bb84f5428fb7cf7e6c70f58ded
G4,fase_2/outputs/predictions/G4/G4__g4_c_weighted_sampling_w60__tcn__r0__w60__fold_2__seed_42__validation.csv,104838,24801e11a56ed7e79865db7f8886b203008c990cffbd75983adaeb9d31d9540d
G4,fase_2/outputs/predictions/G4/G4__g4_c_weighted_sampling_w60__tcn__r0__w60__fold_3__seed_42__test.csv,129375,fdf378816150cb51382b2dd97de9c1aecc2893735afc8aa5ab2cae7501a1872c
G4,fase_2/outputs/predictions/G4/G4__g4_c_weighted_sampling_w60__tcn__r0__w60__fold_3__seed_42__validation.csv,102205,e2706f2ab36b2053c653acaa6ecebe8f8225f0d95153f3b7d6e93d08b1e45dbd
G4,fase_2/outputs/predictions/G4/G4__g4_c_weighted_sampling_w60__tcn__r0__w60__fold_4__seed_42__test.csv,97797,af77b16ea21168a8d3894109438692314da9595191f980d2d012c310a3ab2d78
G4,fase_2/outputs/predictions/G4/G4__g4_c_weighted_sampling_w60__tcn__r0__w60__fold_4__seed_42__validation.csv,99488,ad888cd21b5bc121cbf22cd69d064dde39a7f5850f07777e0eb36d4be9659ad7
G4,fase_2/outputs/predictions/G4/G4__g4_d_augmentation_w150__transformer__r0__w150__fold_1__seed_42__test.csv,144842,5adc7fc11ec0044f3885c209211563e3c96419e2828c695208fdf86f3c1d6047
G4,fase_2/outputs/predictions/G4/G4__g4_d_augmentation_w150__transformer__r0__w150__fold_1__seed_42__validation.csv,109898,6c1143e762566d8f961b1f66d55bc4ef45cdd116bfc2d9c6bf30c6b70956f62d
G4,fase_2/outputs/predictions/G4/G4__g4_d_augmentation_w150__transformer__r0__w150__fold_2__seed_42__test.csv,166687,ea020d137eeaf25e1ab69c7b0ea1d2befbd51ccad5096e28fc7206c8dfbb3277
G4,fase_2/outputs/predictions/G4/G4__g4_d_augmentation_w150__transformer__r0__w150__fold_2__seed_42__validation.csv,106449,1b1bebcb92814530b0475f9a9c121df20eebba91291172659be34c5fdd84779e
G4,fase_2/outputs/predictions/G4/G4__g4_d_augmentation_w150__transformer__r0__w150__fold_3__seed_42__test.csv,136628,8dd4b460968bc068b7af343a180ede9ad5b13170cb086483a1325dbf3facdd49
G4,fase_2/outputs/predictions/G4/G4__g4_d_augmentation_w150__transformer__r0__w150__fold_3__seed_42__validation.csv,105357,afe01d089b052415abf652ca739e93846dbb0fe039119fe79945fc7510502fae
G4,fase_2/outputs/predictions/G4/G4__g4_d_augmentation_w150__transformer__r0__w150__fold_4__seed_42__test.csv,98371,c59f9c39821ee95fd2b7c63a5769f5ba895601931500031c253a86494c2340e0
G4,fase_2/outputs/predictions/G4/G4__g4_d_augmentation_w150__transformer__r0__w150__fold_4__seed_42__validation.csv,99857,300dcad18e37222dcf8d9e49b22bf9691249f1a2df76cddbb2de4209b51cfd89
G4,fase_2/outputs/predictions/G4/G4__g4_d_augmentation_w60__lstm__r0__w60__fold_1__seed_42__test.csv,140984,13a3709f847956fc153d3bd4ef1284b4b87425a08efb8529e45be73f83245c86
G4,fase_2/outputs/predictions/G4/G4__g4_d_augmentation_w60__lstm__r0__w60__fold_1__seed_42__validation.csv,108698,04feeb67170b32e15bbf8a48bd2ea6e3a60eaad8faed8823a87c5023d0d599c1
G4,fase_2/outputs/predictions/G4/G4__g4_d_augmentation_w60__lstm__r0__w60__fold_2__seed_42__test.csv,168273,c0df01b5a242af16a014b8142b21f83fa2ca1913758eea07195ae74604017108
G4,fase_2/outputs/predictions/G4/G4__g4_d_augmentation_w60__lstm__r0__w60__fold_2__seed_42__validation.csv,106441,d537641f099bf08a1286c2c0b59a4d2087609a978438bdfca59c68960a3bd60d
G4,fase_2/outputs/predictions/G4/G4__g4_d_augmentation_w60__lstm__r0__w60__fold_3__seed_42__test.csv,135871,3d7e198f4f334a618aaacefefa13dcb607edf3a09c4bb52e0301583015894491
G4,fase_2/outputs/predictions/G4/G4__g4_d_augmentation_w60__lstm__r0__w60__fold_3__seed_42__validation.csv,106345,d5c3fd55a033e9a260416e4f00d028a0c6925fc80a3f8c460c6e9fd3bf82d0d1
G4,fase_2/outputs/predictions/G4/G4__g4_d_augmentation_w60__lstm__r0__w60__fold_4__seed_42__test.csv,101421,2fe05e5959e1b9dab8723083899a5d428698f39ff9fee79cdd7387225f4d6acf
G4,fase_2/outputs/predictions/G4/G4__g4_d_augmentation_w60__lstm__r0__w60__fold_4__seed_42__validation.csv,102888,09203358a160064a03cecb2859c6a3cec4676cf3f64627c379cc738e0ce2b929
G4,fase_2/outputs/predictions/G4/G4__g4_d_augmentation_w60__svm__r0__w60__fold_1__seed_42__test.csv,54379,93b9fe2f8e2f12eb9eb14b9a0592b629dfb1981b735f94e28f89863c8947a0a6
G4,fase_2/outputs/predictions/G4/G4__g4_d_augmentation_w60__svm__r0__w60__fold_1__seed_42__validation.csv,40950,0f4a1547f094c4847667e3f58d14d9635055ea802341f2ea83cc13aab6d54747
G4,fase_2/outputs/predictions/G4/G4__g4_d_augmentation_w60__svm__r0__w60__fold_2__seed_42__test.csv,63711,38b499a0154cf68180dedfdd377ec1392dbaeadd053e9c6a6cfad466d390234c
G4,fase_2/outputs/predictions/G4/G4__g4_d_augmentation_w60__svm__r0__w60__fold_2__seed_42__validation.csv,40349,1d618b41f8e95d5af023d39fabdb86cfb9f1b1efd16d35d2dba7cf91a724691d
G4,fase_2/outputs/predictions/G4/G4__g4_d_augmentation_w60__svm__r0__w60__fold_3__seed_42__test.csv,50595,13ffd7528e88f200ec7735ec48c4a56709af09eaaf7fd4c45cc597b0c9eb0dc4
G4,fase_2/outputs/predictions/G4/G4__g4_d_augmentation_w60__svm__r0__w60__fold_3__seed_42__validation.csv,40355,f018b0eeafab8a61517236faa5f0df619ce2a61d9f8473ec1d3e541b6e674fa2
G4,fase_2/outputs/predictions/G4/G4__g4_d_augmentation_w60__svm__r0__w60__fold_4__seed_42__test.csv,37958,9cdc3136151fe2bbaa58dbfa534c211a75f41036dc0b944d773c1e949a166998
G4,fase_2/outputs/predictions/G4/G4__g4_d_augmentation_w60__svm__r0__w60__fold_4__seed_42__validation.csv,38965,41b0cb0e2a7f3efbdb6e6549786355c3fd675374c672b52ba02d3f998fb35e66
G4,fase_2/outputs/predictions/G4/G4__g4_d_augmentation_w60__tcn__r0__w60__fold_1__seed_42__test.csv,141875,307092217f841bbd58b96277e783b1589b07886c96675ee1ac0063e632cc8f13
G4,fase_2/outputs/predictions/G4/G4__g4_d_augmentation_w60__tcn__r0__w60__fold_1__seed_42__validation.csv,109869,46e8a9edb9f47a139da795747639aaffb02e3d4f763dcbe7665909dee4124576
G4,fase_2/outputs/predictions/G4/G4__g4_d_augmentation_w60__tcn__r0__w60__fold_2__seed_42__test.csv,161950,23c014ad065eabe0eb7c9957c66faa17a52442474842d64e4374440b1b6c209d
G4,fase_2/outputs/predictions/G4/G4__g4_d_augmentation_w60__tcn__r0__w60__fold_2__seed_42__validation.csv,103208,99bd3b0a0d5b9112c2a4d431fa7749e33be91d020d0fcf66e3b1a4bc5ae2e24c
G4,fase_2/outputs/predictions/G4/G4__g4_d_augmentation_w60__tcn__r0__w60__fold_3__seed_42__test.csv,135042,4b8be5dc19e9ecfdfaddabff31cf7295474439ef31612b95856d20d766dd42b1
G4,fase_2/outputs/predictions/G4/G4__g4_d_augmentation_w60__tcn__r0__w60__fold_3__seed_42__validation.csv,106290,51b257dd8641532c6df14b8b58e2076ac85b523c83f58ee1ab593826706b64a9
G4,fase_2/outputs/predictions/G4/G4__g4_d_augmentation_w60__tcn__r0__w60__fold_4__seed_42__test.csv,98978,83515f2b9ceb08c2bf2bb1e59ccde60e2d8db8b08f3f85a96acea941b300f01b
G4,fase_2/outputs/predictions/G4/G4__g4_d_augmentation_w60__tcn__r0__w60__fold_4__seed_42__validation.csv,101113,bfd48590e7fbb6416439f7fdbcb5864cd69f95c95b67b6aed3f7f701b936f512
G4,fase_2/outputs/metrics/G4/augmentation/g4_d_augmentation_w150__w150__fold_1.csv,8258214,0268fbef87766526a7c23978e1504d17de4ef4ef30de0ca029b1b88206c10611
G4,fase_2/outputs/metrics/G4/augmentation/g4_d_augmentation_w150__w150__fold_2.csv,12807247,50a82511b4903b3457b2c68486e2dd9d11f9304dce9dec6b962d7c98e5682195
G4,fase_2/outputs/metrics/G4/augmentation/g4_d_augmentation_w150__w150__fold_3.csv,14276943,949165caf94b8290eee45b981c665abb9c5a365dc2d5214fd0a806351c252d17
G4,fase_2/outputs/metrics/G4/augmentation/g4_d_augmentation_w150__w150__fold_4.csv,15147423,f4e1d5228ad8ee9eede792222b809e983cae127ee28053b130b90b6dcbf46fdf
G4,fase_2/outputs/metrics/G4/augmentation/g4_d_augmentation_w60__w60__fold_1.csv,3567482,11b6c07fd3bd48ee55e799095751c235c77b4a8708b452f75f6ad1b3773f36e5
G4,fase_2/outputs/metrics/G4/augmentation/g4_d_augmentation_w60__w60__fold_2.csv,5396949,d10cc4c72d1130f0f3479ff2a9ed08ff4dc3f3f17f6942596aaee6a84792dbd9
G4,fase_2/outputs/metrics/G4/augmentation/g4_d_augmentation_w60__w60__fold_3.csv,6010632,1086b46863381e49cfdca7c8300b29a35e07afb848af930334615eb4577d0862
G4,fase_2/outputs/metrics/G4/augmentation/g4_d_augmentation_w60__w60__fold_4.csv,6363631,a5c219bf20b913f5d4a7d725ba88521a7517d1b52dec7faec78d27ac080e4e67
G4,fase_2/outputs/metrics/G4/augmentation/g4_d_w60__fold_1.csv,3567482,11b6c07fd3bd48ee55e799095751c235c77b4a8708b452f75f6ad1b3773f36e5
G4,fase_2/outputs/metrics/G4/augmentation/g4_d_w60__fold_2.csv,5396949,d10cc4c72d1130f0f3479ff2a9ed08ff4dc3f3f17f6942596aaee6a84792dbd9
G4,fase_2/outputs/metrics/G4/augmentation/g4_d_w60__fold_3.csv,6010632,1086b46863381e49cfdca7c8300b29a35e07afb848af930334615eb4577d0862
G4,fase_2/outputs/metrics/G4/augmentation/g4_d_w60__fold_4.csv,6363631,a5c219bf20b913f5d4a7d725ba88521a7517d1b52dec7faec78d27ac080e4e67
G4,fase_2/outputs/metrics/G4/current/g4_b_class_weights_w150.md,1409,47f0cafa3d030f1ce6d4776a1860f99345b628e951087635926c966803412735
G4,fase_2/outputs/metrics/G4/current/g4_b_class_weights_w150__confusion.csv,11592,a75de7ac715fa82ec9d4f9dd89a014a13de0d3065fe4c661da953770e106f99a
G4,fase_2/outputs/metrics/G4/current/g4_b_class_weights_w150__fold_statistics.csv,3396,d447bb1f9017d4619261b6bde61e79c3a5c4d63e8a578a66ed7995c173341641
G4,fase_2/outputs/metrics/G4/current/g4_b_class_weights_w150__history.csv,24732,db808d9d0baf9cd6bc190035198500102ad6efdb79c341351440b42efe5857b8
G4,fase_2/outputs/metrics/G4/current/g4_b_class_weights_w150__per_class.csv,4753,30d77ce50040c9c5d138bde8eb0dabee6462ba1abedd0f79190ba43431edc704
G4,fase_2/outputs/metrics/G4/current/g4_b_class_weights_w150__runs.csv,3941,0042e18f58c2a110390f1439ef52081e62d358a4c72f67f4b33f50346c202a90
G4,fase_2/outputs/metrics/G4/current/g4_b_class_weights_w150__seed_means.csv,393,e6b2d86e7a73f852e038220be09726e17cff0a6b12b40254097fce33865e38ff
G4,fase_2/outputs/metrics/G4/current/g4_b_class_weights_w150__statistics.csv,1651,e2d1d2c16e84c22c6cb4ab9d4afbb9ed10f739a30894bf56a23508a9886b8fbf
G4,fase_2/outputs/metrics/G4/current/g4_b_class_weights_w60.md,2131,e6ee6273d1b73911e0363c3652f11ddc57d450bff3fc17bfd388a13dba01524f
G4,fase_2/outputs/metrics/G4/current/g4_b_class_weights_w60__confusion.csv,20328,0dfc6ca10006034a605e33b66022d75ffa3004272369a4aef9d2c4c703bbb371
G4,fase_2/outputs/metrics/G4/current/g4_b_class_weights_w60__fold_statistics.csv,6192,462c1b4a4c1926f1887207e1a464d1c09d6dea8af12a1971f3e435ccb5bd41a7
G4,fase_2/outputs/metrics/G4/current/g4_b_class_weights_w60__history.csv,41155,618ac977ac1862506801929ccdb4b02a830997fe0c7eab7107fb2cbc8af8eaec
G4,fase_2/outputs/metrics/G4/current/g4_b_class_weights_w60__per_class.csv,8882,0150f8d7535ef0192103ff5a9fdca05e8880c2e92dc52d97e795ce35c6df54f7
G4,fase_2/outputs/metrics/G4/current/g4_b_class_weights_w60__runs.csv,7113,97b48d65a12940ae5fe209389d2ba2ad61888c53d60209d7fc27ac12a5eb5fd9
G4,fase_2/outputs/metrics/G4/current/g4_b_class_weights_w60__seed_means.csv,617,006a3fcd3974d6073015b9730f54d31b149d27a95536f9fefe2d0ddd30993bf5
G4,fase_2/outputs/metrics/G4/current/g4_b_class_weights_w60__statistics.csv,2981,9f0566c8730715c1cb24a1c343a420a078169a24fe55c8ab53f968ec875b0c8a
G4,fase_2/outputs/metrics/G4/current/g4_c_weighted_sampling_w150.md,1401,002bf339dcb970948992e1ecdbdfe930604b279f369ef6dbb7f496653378ad3b
G4,fase_2/outputs/metrics/G4/current/g4_c_weighted_sampling_w150__confusion.csv,12169,ddd7774fc2bb1fa0c0c52529ef829d6a871d367af0f9e85a8c1891dc9485fc62
G4,fase_2/outputs/metrics/G4/current/g4_c_weighted_sampling_w150__fold_statistics.csv,3360,efc54f7f8c72bfa934e9e8deff13875e215acb50325c43e3790afb2f98a51898
G4,fase_2/outputs/metrics/G4/current/g4_c_weighted_sampling_w150__history.csv,23521,3dd474a71fa8b1a7dce7360b5cab3c6987c5d5a28334bedda18d16fe7d3a73b7
G4,fase_2/outputs/metrics/G4/current/g4_c_weighted_sampling_w150__per_class.csv,4971,7f97663b12a3825fc36e7f0ce145dceb2a8e5aca1a7e980d0767883d85ba8b73
G4,fase_2/outputs/metrics/G4/current/g4_c_weighted_sampling_w150__runs.csv,4007,fc9563a55ce4b665ce7353c1662d442b3603d66ec944b2e45e273a4a7d184a4b
G4,fase_2/outputs/metrics/G4/current/g4_c_weighted_sampling_w150__seed_means.csv,393,c065914492caab611ce775afadad473c363fbac907fe1308c1bcb33132931c79
G4,fase_2/outputs/metrics/G4/current/g4_c_weighted_sampling_w150__statistics.csv,1651,fe89d39b715b06af554777664e4e9e6790edb352432a397b66c20b3b9d32a6b0
G4,fase_2/outputs/metrics/G4/current/g4_c_weighted_sampling_w60.md,2123,ff5d7f291265b84f8e1e0314c710c53439616fb6a22c22db4269f7648b78d072
G4,fase_2/outputs/metrics/G4/current/g4_c_weighted_sampling_w60__confusion.csv,21480,40ce4bcc5dde3f040e43e0da57603c997b38200edc16fcfa7f9a42942ec49e7e
G4,fase_2/outputs/metrics/G4/current/g4_c_weighted_sampling_w60__fold_statistics.csv,6128,170c7c87ca581dba4fa627c03086c2bd8a93ee3211f94a88d1238cb8ef904670
G4,fase_2/outputs/metrics/G4/current/g4_c_weighted_sampling_w60__history.csv,43672,c67c7f7723e566c2a3819be6ba15556679c28893063dc353ef93b156906fa4db
G4,fase_2/outputs/metrics/G4/current/g4_c_weighted_sampling_w60__per_class.csv,9318,b07832f27c3bf42888d72c25f171df1a293d50632c901f5c675ee700992a8137
G4,fase_2/outputs/metrics/G4/current/g4_c_weighted_sampling_w60__runs.csv,7200,f32a8b7399dcecda1fc2f92be45c94e04aa348eec2761cb340b1a36dad5cc8ed
G4,fase_2/outputs/metrics/G4/current/g4_c_weighted_sampling_w60__seed_means.csv,625,deaaf2dffee45218ef55d2311844eac5639d01153a5c869cef0a76676ece6103
G4,fase_2/outputs/metrics/G4/current/g4_c_weighted_sampling_w60__statistics.csv,3013,4c8cdbf085ef3a358dd879b63e8ecea56ff416d98a3c9505110f263a94ff091b
G4,fase_2/outputs/metrics/G4/current/g4_d_augmentation_w150.md,1401,35a3370027dda901de765a6178312e0d3fdaaef6f4da56c4a8b09abb9ccdd356
G4,fase_2/outputs/metrics/G4/current/g4_d_augmentation_w150__confusion.csv,11437,11e1e1752ca3a4632de6cb539738854a61b5ef953c2ef6011396961aed801b04
G4,fase_2/outputs/metrics/G4/current/g4_d_augmentation_w150__fold_statistics.csv,3360,7eacf260f7bdf35dc548fe8d0dde366f8052db5cee76a2aa351a0c4eb72995e5
G4,fase_2/outputs/metrics/G4/current/g4_d_augmentation_w150__history.csv,19687,0b8efac7d42ee65f476826b6deaa626ca66925f13d3d31b1bc35fe00f1d263eb
G4,fase_2/outputs/metrics/G4/current/g4_d_augmentation_w150__per_class.csv,4673,a3c666c1f8ca912400e349cc98852a6c1261b1a4dc58d665f393c447e66d1a9d
G4,fase_2/outputs/metrics/G4/current/g4_d_augmentation_w150__runs.csv,3877,66da6d216b4b15f88532b2c4faa85da8da9f40a95fe754cff63cafe1571fab75
G4,fase_2/outputs/metrics/G4/current/g4_d_augmentation_w150__seed_means.csv,393,0032883eec5d43d68074208bdbbfa6f23b9f315f4615baf4a8dd05f130815fbf
G4,fase_2/outputs/metrics/G4/current/g4_d_augmentation_w150__statistics.csv,1651,90e9619c1c5ddeae7b535717aa924a4b7875c17591d0016768549c95bb79e8f0
G4,fase_2/outputs/metrics/G4/current/g4_d_augmentation_w60.md,2131,85ea0a226962572a433c603e16cf1ec25fd5591166019faeba31527a1f0a10a9
G4,fase_2/outputs/metrics/G4/current/g4_d_augmentation_w60__confusion.csv,20016,8cba926a2aa22f6ea449c542ad720572f3ae2e9dedba8d18ba703b2c0968208a
G4,fase_2/outputs/metrics/G4/current/g4_d_augmentation_w60__fold_statistics.csv,6180,a94ce6b831913998dc33763a5f6816cbe4343917f8f61f23e155f9eafcdde669
G4,fase_2/outputs/metrics/G4/current/g4_d_augmentation_w60__history.csv,40784,ad9e28dda55484d2b043f938c431049b217800aa1929c0d4cc8304ce414062f5
G4,fase_2/outputs/metrics/G4/current/g4_d_augmentation_w60__per_class.csv,8358,43a73b126919ed86d0c46559438be2193f4112cab2c00c221813ee2c9ae845c1
G4,fase_2/outputs/metrics/G4/current/g4_d_augmentation_w60__runs.csv,7069,953fe3ac8e17b8e700ae3b9dd1a31e74a3bd8c755368c3d15e612a7e00478f77
G4,fase_2/outputs/metrics/G4/current/g4_d_augmentation_w60__seed_means.csv,618,76013c75a21a925552a1d922638991fbd160f1b172e6fea4f3f15d87b73825ab
G4,fase_2/outputs/metrics/G4/current/g4_d_augmentation_w60__statistics.csv,2985,0307a25487d47b77a04b71b88f45080215349e02aabfd0729766f43c2b7efe5d
G4,fase_2/outputs/metrics/G4/g4_audit.json,1361,fa711dff3bb6e16a5268f3a39b5ceba64b6e4bfd55ea7d2f911ab8f632cd1850
G4,fase_2/outputs/metrics/G4/g4_class_distribution.csv,764,e35d9f0d31d3801af5db0d53b5c9535ef49665c4270fa5a70a063a1a43776655
G4,fase_2/outputs/metrics/G4/g4_confusion.csv,189408,22dbeee279daa73670cac7b250de16be5e9233c318e4f0377c73d99cced67149
G4,fase_2/outputs/metrics/G4/g4_dry_run.csv,15553,834a4cb79ca024bce6de95e88cadc5a8b10904668810f6778aa486742dbe46b8
G4,fase_2/outputs/metrics/G4/g4_false_fatigue_operational.csv,41604,f52a81b0914bf31d7df3738e246cdae722615fc68121c087476db1f494015d31
G4,fase_2/outputs/metrics/G4/g4_false_fatigue_statistics.csv,1729,b2fd4d7bd2f8ca397cda22a20f7a824cea257350dba71dc37d3e948ef4e9408c
G4,fase_2/outputs/metrics/G4/g4_fold_statistics.csv,4181,460c630436982e64821c863ea6f1fe1a3549dc56ba2119522fe98718b48c6c13
G4,fase_2/outputs/metrics/G4/g4_history.csv,274662,1a5590874d4bc56669b74f509cf071cd835a186b762d88c7efd2997fc0d86aab
G4,fase_2/outputs/metrics/G4/g4_input_equivalence.csv,669,13b59dc42e1ea4a6c8fd60d64bc98a5f28dd52753f01ef0e620fa2b635b1853c
G4,fase_2/outputs/metrics/G4/g4_paired_deltas.csv,13428,0362f5285dbfeb3c2463090e790b1675edde58d205eddd4f282dc78ad203d4dd
G4,fase_2/outputs/metrics/G4/g4_per_class.csv,77286,3a1947d24f4f016b8a3c59b1a6a87f21dcf65be2a484dfc945ccfa0edb226dfb
G4,fase_2/outputs/metrics/G4/g4_per_class_metric_statistics.csv,36256,dc19f33e914c478ba6e7826f7a99adf3a4f3ba16f5c5874c5f174edde4a8a46d
G4,fase_2/outputs/metrics/G4/g4_per_class_statistics.csv,11584,966efcd6b71da2226a33fe390f21a50bdf7ebbe3f300fdb7a94217b8ad37d537
G4,fase_2/outputs/metrics/G4/g4_prediction_distribution.csv,14096,669dadfe2237da1a7def60af1156df268aafb2f09adf6e612d298c738208a078
G4,fase_2/outputs/metrics/G4/g4_ranking.csv,2183,c39fdfe6522452f58532cf6ef35a8f58b1253bc489d4599086834d2876ffe55a
G4,fase_2/outputs/metrics/G4/g4_resolved_config.json,9171,b57135c09d3c99ac574088cebd4b2ef1a01f45d31c4f3313bd64a3998e576a39
G4,fase_2/outputs/metrics/G4/g4_runs.csv,52378,bfd666060663c071e309dd283fddf3a44d8c68ac26eabfe8baad014be1150e3a
G4,fase_2/outputs/metrics/G4/g4_svm_confusion.csv,33460,fab08316e22f8bdd6956424ced180cba996a361d15396a9b16edc8637d262ac3
G4,fase_2/outputs/metrics/G4/g4_svm_per_class.csv,13981,b37e09342f3d8acbd396d43aacb4105bc6676986efe251441cc1761e906cb05d
G4,fase_2/outputs/metrics/G4/g4_svm_runs.csv,7123,bc156f1ec2f3dae88710e23fc051483ed6271b1ef45cedd29d58d0a580a076e2
G4,fase_2/outputs/metrics/G4/g4_training_stability.csv,3875,60c9728466609f52c18d283094ebb3d1f0a1077db96bcb3b06f39c4aca446e6d
G4,fase_2/outputs/metrics/G4/g4_treatment_audit.csv,8792,ebf4e99d6061d2ff01ff88822bd507c5a8badd296b13f5b29307385fcbaebc06
G4,fase_2/outputs/figures/G4/confusion_validation_all.png,175727,caf04976ae3bc8d662396d9a52309df4a00d20215f48da2424f6cc5d2fdf3459
G4,fase_2/outputs/figures/G4/current/early_stopping_stability.png,53343,d5fb8d07280d0a519ef5ae0f72c05afbe4c666e5ae1ffb3a0f447ee43a58ba81
G4,fase_2/outputs/figures/G4/current/early_stopping_stability.svg,38835,d176f67e01cd0cbc57da6594e9080602b52983bd0d40ab4cdd1fb987881bf264
G4,fase_2/outputs/figures/G4/current/fold_seed_heatmap.png,34124,7ad6ca54630cd38766029e87c395d5048903f0d4b6f1fe676e143454b36a7d63
G4,fase_2/outputs/figures/G4/current/fold_seed_heatmap.svg,34421,58a4c85bf57bce0d81f9bbbd3c650bd48b71c90c2f2a697104444a47a66b7352
G4,fase_2/outputs/figures/G4/current/metric_variability.png,31739,a0f1af89578c699f0c08e1370fd944de1148c52f73278736d338b6716a8d9f8c
G4,fase_2/outputs/figures/G4/current/metric_variability.svg,31806,8d473ca86a418c310e9dde611d776715ace353c6f043d3c14919f0984ea89a82
G4,fase_2/outputs/figures/G4/current/validation_curves.png,46512,cef38270e3d05ad1b4234e36083083493eff08c0a3697c9112b1cdf5ca1ef951
G4,fase_2/outputs/figures/G4/current/validation_curves.svg,42158,ebb8fc6e9b467901f4f5aed8a8fee99284e5fd0366bfb8ebe29fcfa945584701
G4,fase_2/outputs/figures/G4/current/validation_loss_curves.png,63096,3ba7307c98c97b6cf159a769284618576523fc6eb41d1087711281900a2cd2f2
G4,fase_2/outputs/figures/G4/current/validation_loss_curves.svg,42372,d7b314dc561f685baea49072c4475eaeaf995b9084e28bfeab76203cd9ec2458
G4,fase_2/outputs/figures/G4/false_fatigue_episodes_per_hour.png,39179,a9f6bef0bd29d96d958dae18d9e0e45674f399dd7579dafef95b1fde7d27f99e
G4,fase_2/outputs/figures/G4/fatigue_recall_validation.png,35887,54393af995ed099a7511808b37f9513be230b42d6878c7cc49329d217a2e7bc9
G4,fase_2/outputs/figures/G4/macro_f1_test.png,35891,1bf8c627cd6e785b9d8bc99ecd73a3238c3148000720a03bbaffc90a795cc865
G4,fase_2/outputs/figures/G4/macro_f1_validation.png,37206,c372e7de252386c276ed97bd4af1014ef9f2971a038d99566123efd1a8135783
G4,fase_2/outputs/figures/G4/paired_delta_macro_f1.png,44117,e429ef6877ba147c536cab283ac1f846a4889a5c8b671c81b8391941f9e4bc28
G4,fase_2/outputs/figures/G4/training_curves_lstm.png,198696,e0d81f06c77ee5d46ab2fe4d1000360d8fef51ef5ca80b309328987207189e52
G4,fase_2/outputs/figures/G4/training_curves_tcn.png,200631,8f32d53a3d985cec43e75cadca1387377219ca0ced6566dfb2beb704e473cf91
G4,fase_2/outputs/figures/G4/training_curves_transformer.png,180646,ba656251e68fed4ba7ea87eaa0173340990cfe1fa04725f4b01c781cc08fde09
reports,fase_2/reports/g4_imbalance_results.md,3250,a84d2f719ad0b614f6f7478b923f7474044f624f277bbe314727143a07607704
reports,fase_2/reports/README.md,204,ccb954d747acc1a7ad44664fd541b11d1018eaf073fae813a39164cd4201fd18
