model,ablation,fold,subset,label,precision,recall,f1,support,run_id,generation,configuration_id,representation,window_size_frames,scenario,balancing,seed
svm,r0_flat,1,validation,alert,0.8963350785340314,0.8441814595660749,0.8694768918232605,1014,G4__g4_b_class_weights_w60__svm__r0__w60__fold_1__seed_42,G4,g4_b_class_weights_w60,R0,60,B,class_weights,42
svm,r0_flat,1,validation,fatigue,0.18181818181818182,0.5,0.26666666666666666,4,G4__g4_b_class_weights_w60__svm__r0__w60__fold_1__seed_42,G4,g4_b_class_weights_w60,R0,60,B,class_weights,42
svm,r0_flat,1,validation,distraction,0.3037383177570093,0.4012345679012346,0.34574468085106386,162,G4__g4_b_class_weights_w60__svm__r0__w60__fold_1__seed_42,G4,g4_b_class_weights_w60,R0,60,B,class_weights,42
svm,r0_flat,1,test,alert,0.8725376593279258,0.6920955882352942,0.7719118400820092,1088,G4__g4_b_class_weights_w60__svm__r0__w60__fold_1__seed_42,G4,g4_b_class_weights_w60,R0,60,B,class_weights,42
svm,r0_flat,1,test,fatigue,0.0,0.0,0.0,67,G4__g4_b_class_weights_w60__svm__r0__w60__fold_1__seed_42,G4,g4_b_class_weights_w60,R0,60,B,class_weights,42
svm,r0_flat,1,test,distraction,0.4343891402714932,0.7598944591029023,0.5527831094049904,379,G4__g4_b_class_weights_w60__svm__r0__w60__fold_1__seed_42,G4,g4_b_class_weights_w60,R0,60,B,class_weights,42
svm,r0_flat,2,validation,alert,0.9334889148191365,0.7407407407407407,0.8260196179659267,1080,G4__g4_b_class_weights_w60__svm__r0__w60__fold_2__seed_42,G4,g4_b_class_weights_w60,R0,60,B,class_weights,42
svm,r0_flat,2,validation,fatigue,0.02127659574468085,0.058823529411764705,0.03125,17,G4__g4_b_class_weights_w60__svm__r0__w60__fold_2__seed_42,G4,g4_b_class_weights_w60,R0,60,B,class_weights,42
svm,r0_flat,2,validation,distraction,0.11152416356877323,0.39473684210526316,0.17391304347826086,76,G4__g4_b_class_weights_w60__svm__r0__w60__fold_2__seed_42,G4,g4_b_class_weights_w60,R0,60,B,class_weights,42
svm,r0_flat,2,test,alert,0.9244415243101183,0.8956078930617442,0.9097963142580019,1571,G4__g4_b_class_weights_w60__svm__r0__w60__fold_2__seed_42,G4,g4_b_class_weights_w60,R0,60,B,class_weights,42
svm,r0_flat,2,test,fatigue,,,,0,G4__g4_b_class_weights_w60__svm__r0__w60__fold_2__seed_42,G4,g4_b_class_weights_w60,R0,60,B,class_weights,42
svm,r0_flat,2,test,distraction,0.5719063545150501,0.5836177474402731,0.5777027027027027,293,G4__g4_b_class_weights_w60__svm__r0__w60__fold_2__seed_42,G4,g4_b_class_weights_w60,R0,60,B,class_weights,42
svm,r0_flat,3,validation,alert,0.8835063437139562,0.7768762677484787,0.8267674042093902,986,G4__g4_b_class_weights_w60__svm__r0__w60__fold_3__seed_42,G4,g4_b_class_weights_w60,R0,60,B,class_weights,42
svm,r0_flat,3,validation,fatigue,0.0,0.0,0.0,13,G4__g4_b_class_weights_w60__svm__r0__w60__fold_3__seed_42,G4,g4_b_class_weights_w60,R0,60,B,class_weights,42
svm,r0_flat,3,validation,distraction,0.2366412213740458,0.40789473684210525,0.2995169082125604,152,G4__g4_b_class_weights_w60__svm__r0__w60__fold_3__seed_42,G4,g4_b_class_weights_w60,R0,60,B,class_weights,42
svm,r0_flat,3,test,alert,0.9584026622296173,0.8427212874908558,0.8968470221876217,1367,G4__g4_b_class_weights_w60__svm__r0__w60__fold_3__seed_42,G4,g4_b_class_weights_w60,R0,60,B,class_weights,42
svm,r0_flat,3,test,fatigue,0.0,0.0,0.0,21,G4__g4_b_class_weights_w60__svm__r0__w60__fold_3__seed_42,G4,g4_b_class_weights_w60,R0,60,B,class_weights,42
svm,r0_flat,3,test,distraction,0.24734982332155478,0.625,0.35443037974683544,112,G4__g4_b_class_weights_w60__svm__r0__w60__fold_3__seed_42,G4,g4_b_class_weights_w60,R0,60,B,class_weights,42
svm,r0_flat,4,validation,alert,0.9160671462829736,0.7549407114624506,0.8277356446370531,1012,G4__g4_b_class_weights_w60__svm__r0__w60__fold_4__seed_42,G4,g4_b_class_weights_w60,R0,60,B,class_weights,42
svm,r0_flat,4,validation,fatigue,0.0,0.0,0.0,17,G4__g4_b_class_weights_w60__svm__r0__w60__fold_4__seed_42,G4,g4_b_class_weights_w60,R0,60,B,class_weights,42
svm,r0_flat,4,validation,distraction,0.14634146341463414,0.375,0.21052631578947367,96,G4__g4_b_class_weights_w60__svm__r0__w60__fold_4__seed_42,G4,g4_b_class_weights_w60,R0,60,B,class_weights,42
svm,r0_flat,4,test,alert,0.8919239904988123,0.7847439916405433,0.8349082823790995,957,G4__g4_b_class_weights_w60__svm__r0__w60__fold_4__seed_42,G4,g4_b_class_weights_w60,R0,60,B,class_weights,42
svm,r0_flat,4,test,fatigue,,,,0,G4__g4_b_class_weights_w60__svm__r0__w60__fold_4__seed_42,G4,g4_b_class_weights_w60,R0,60,B,class_weights,42
svm,r0_flat,4,test,distraction,0.2037037037037037,0.3188405797101449,0.24858757062146894,138,G4__g4_b_class_weights_w60__svm__r0__w60__fold_4__seed_42,G4,g4_b_class_weights_w60,R0,60,B,class_weights,42
svm,r0_flat,1,validation,alert,0.8898978433598184,0.7731755424063116,0.8274406332453826,1014,G4__g4_c_weighted_sampling_w60__svm__r0__w60__fold_1__seed_42,G4,g4_c_weighted_sampling_w60,R0,60,C,weighted_sampling,42
svm,r0_flat,1,validation,fatigue,0.045454545454545456,0.5,0.08333333333333333,4,G4__g4_c_weighted_sampling_w60__svm__r0__w60__fold_1__seed_42,G4,g4_c_weighted_sampling_w60,R0,60,C,weighted_sampling,42
svm,r0_flat,1,validation,distraction,0.25098039215686274,0.3950617283950617,0.3069544364508393,162,G4__g4_c_weighted_sampling_w60__svm__r0__w60__fold_1__seed_42,G4,g4_c_weighted_sampling_w60,R0,60,C,weighted_sampling,42
svm,r0_flat,1,test,alert,0.8536036036036037,0.6966911764705882,0.7672064777327935,1088,G4__g4_c_weighted_sampling_w60__svm__r0__w60__fold_1__seed_42,G4,g4_c_weighted_sampling_w60,R0,60,C,weighted_sampling,42
svm,r0_flat,1,test,fatigue,0.05263157894736842,0.014925373134328358,0.023255813953488372,67,G4__g4_c_weighted_sampling_w60__svm__r0__w60__fold_1__seed_42,G4,g4_c_weighted_sampling_w60,R0,60,C,weighted_sampling,42
svm,r0_flat,1,test,distraction,0.4449760765550239,0.7361477572559367,0.5546719681908548,379,G4__g4_c_weighted_sampling_w60__svm__r0__w60__fold_1__seed_42,G4,g4_c_weighted_sampling_w60,R0,60,C,weighted_sampling,42
svm,r0_flat,2,validation,alert,0.9301204819277108,0.7148148148148148,0.8083769633507853,1080,G4__g4_c_weighted_sampling_w60__svm__r0__w60__fold_2__seed_42,G4,g4_c_weighted_sampling_w60,R0,60,C,weighted_sampling,42
svm,r0_flat,2,validation,fatigue,0.019230769230769232,0.058823529411764705,0.028985507246376812,17,G4__g4_c_weighted_sampling_w60__svm__r0__w60__fold_2__seed_42,G4,g4_c_weighted_sampling_w60,R0,60,C,weighted_sampling,42
svm,r0_flat,2,validation,distraction,0.08934707903780069,0.34210526315789475,0.14168937329700274,76,G4__g4_c_weighted_sampling_w60__svm__r0__w60__fold_2__seed_42,G4,g4_c_weighted_sampling_w60,R0,60,C,weighted_sampling,42
svm,r0_flat,2,test,alert,0.9259520451339915,0.8357733927434755,0.8785547005687521,1571,G4__g4_c_weighted_sampling_w60__svm__r0__w60__fold_2__seed_42,G4,g4_c_weighted_sampling_w60,R0,60,C,weighted_sampling,42
svm,r0_flat,2,test,fatigue,,,,0,G4__g4_c_weighted_sampling_w60__svm__r0__w60__fold_2__seed_42,G4,g4_c_weighted_sampling_w60,R0,60,C,weighted_sampling,42
svm,r0_flat,2,test,distraction,0.48118279569892475,0.6109215017064846,0.5383458646616541,293,G4__g4_c_weighted_sampling_w60__svm__r0__w60__fold_2__seed_42,G4,g4_c_weighted_sampling_w60,R0,60,C,weighted_sampling,42
svm,r0_flat,3,validation,alert,0.8768844221105527,0.7079107505070994,0.7833894500561167,986,G4__g4_c_weighted_sampling_w60__svm__r0__w60__fold_3__seed_42,G4,g4_c_weighted_sampling_w60,R0,60,C,weighted_sampling,42
svm,r0_flat,3,validation,fatigue,0.0,0.0,0.0,13,G4__g4_c_weighted_sampling_w60__svm__r0__w60__fold_3__seed_42,G4,g4_c_weighted_sampling_w60,R0,60,C,weighted_sampling,42
svm,r0_flat,3,validation,distraction,0.18541033434650456,0.40131578947368424,0.25363825363825365,152,G4__g4_c_weighted_sampling_w60__svm__r0__w60__fold_3__seed_42,G4,g4_c_weighted_sampling_w60,R0,60,C,weighted_sampling,42
svm,r0_flat,3,test,alert,0.9559082892416225,0.7929773226042429,0.8668532586965214,1367,G4__g4_c_weighted_sampling_w60__svm__r0__w60__fold_3__seed_42,G4,g4_c_weighted_sampling_w60,R0,60,C,weighted_sampling,42
svm,r0_flat,3,test,fatigue,0.0,0.0,0.0,21,G4__g4_c_weighted_sampling_w60__svm__r0__w60__fold_3__seed_42,G4,g4_c_weighted_sampling_w60,R0,60,C,weighted_sampling,42
svm,r0_flat,3,test,distraction,0.20238095238095238,0.6071428571428571,0.30357142857142855,112,G4__g4_c_weighted_sampling_w60__svm__r0__w60__fold_3__seed_42,G4,g4_c_weighted_sampling_w60,R0,60,C,weighted_sampling,42
svm,r0_flat,4,validation,alert,0.9213197969543148,0.717391304347826,0.8066666666666666,1012,G4__g4_c_weighted_sampling_w60__svm__r0__w60__fold_4__seed_42,G4,g4_c_weighted_sampling_w60,R0,60,C,weighted_sampling,42
svm,r0_flat,4,validation,fatigue,0.034482758620689655,0.11764705882352941,0.05333333333333334,17,G4__g4_c_weighted_sampling_w60__svm__r0__w60__fold_4__seed_42,G4,g4_c_weighted_sampling_w60,R0,60,C,weighted_sampling,42
svm,r0_flat,4,validation,distraction,0.13620071684587814,0.3958333333333333,0.20266666666666666,96,G4__g4_c_weighted_sampling_w60__svm__r0__w60__fold_4__seed_42,G4,g4_c_weighted_sampling_w60,R0,60,C,weighted_sampling,42
svm,r0_flat,4,test,alert,0.8824969400244798,0.7533960292580982,0.8128523111612176,957,G4__g4_c_weighted_sampling_w60__svm__r0__w60__fold_4__seed_42,G4,g4_c_weighted_sampling_w60,R0,60,C,weighted_sampling,42
svm,r0_flat,4,test,fatigue,,,,0,G4__g4_c_weighted_sampling_w60__svm__r0__w60__fold_4__seed_42,G4,g4_c_weighted_sampling_w60,R0,60,C,weighted_sampling,42
svm,r0_flat,4,test,distraction,0.1493212669683258,0.2391304347826087,0.18384401114206128,138,G4__g4_c_weighted_sampling_w60__svm__r0__w60__fold_4__seed_42,G4,g4_c_weighted_sampling_w60,R0,60,C,weighted_sampling,42
svm,r0_flat,1,validation,alert,0.8969276511397423,0.8925049309664694,0.8947108255066732,1014,G4__g4_d_augmentation_w60__svm__r0__w60__fold_1__seed_42,G4,g4_d_augmentation_w60,R0,60,D,augmentation,42
svm,r0_flat,1,validation,fatigue,0.18181818181818182,0.5,0.26666666666666666,4,G4__g4_d_augmentation_w60__svm__r0__w60__fold_1__seed_42,G4,g4_d_augmentation_w60,R0,60,D,augmentation,42
svm,r0_flat,1,validation,distraction,0.36875,0.36419753086419754,0.36645962732919257,162,G4__g4_d_augmentation_w60__svm__r0__w60__fold_1__seed_42,G4,g4_d_augmentation_w60,R0,60,D,augmentation,42
svm,r0_flat,1,test,alert,0.8754681647940075,0.859375,0.8673469387755102,1088,G4__g4_d_augmentation_w60__svm__r0__w60__fold_1__seed_42,G4,g4_d_augmentation_w60,R0,60,D,augmentation,42
svm,r0_flat,1,test,fatigue,0.0,0.0,0.0,67,G4__g4_d_augmentation_w60__svm__r0__w60__fold_1__seed_42,G4,g4_d_augmentation_w60,R0,60,D,augmentation,42
svm,r0_flat,1,test,distraction,0.5882352941176471,0.712401055408971,0.6443914081145584,379,G4__g4_d_augmentation_w60__svm__r0__w60__fold_1__seed_42,G4,g4_d_augmentation_w60,R0,60,D,augmentation,42
svm,r0_flat,2,validation,alert,0.9380165289256198,0.8407407407407408,0.88671875,1080,G4__g4_d_augmentation_w60__svm__r0__w60__fold_2__seed_42,G4,g4_d_augmentation_w60,R0,60,D,augmentation,42
svm,r0_flat,2,validation,fatigue,0.03125,0.058823529411764705,0.04081632653061224,17,G4__g4_d_augmentation_w60__svm__r0__w60__fold_2__seed_42,G4,g4_d_augmentation_w60,R0,60,D,augmentation,42
svm,r0_flat,2,validation,distraction,0.17341040462427745,0.39473684210526316,0.24096385542168675,76,G4__g4_d_augmentation_w60__svm__r0__w60__fold_2__seed_42,G4,g4_d_augmentation_w60,R0,60,D,augmentation,42
svm,r0_flat,2,test,alert,0.9235793598954931,0.9000636537237429,0.9116698903932946,1571,G4__g4_d_augmentation_w60__svm__r0__w60__fold_2__seed_42,G4,g4_d_augmentation_w60,R0,60,D,augmentation,42
svm,r0_flat,2,test,fatigue,,,,0,G4__g4_d_augmentation_w60__svm__r0__w60__fold_2__seed_42,G4,g4_d_augmentation_w60,R0,60,D,augmentation,42
svm,r0_flat,2,test,distraction,0.5777027027027027,0.5836177474402731,0.5806451612903226,293,G4__g4_d_augmentation_w60__svm__r0__w60__fold_2__seed_42,G4,g4_d_augmentation_w60,R0,60,D,augmentation,42
svm,r0_flat,3,validation,alert,0.8824175824175824,0.8144016227180527,0.8470464135021097,986,G4__g4_d_augmentation_w60__svm__r0__w60__fold_3__seed_42,G4,g4_d_augmentation_w60,R0,60,D,augmentation,42
svm,r0_flat,3,validation,fatigue,0.0,0.0,0.0,13,G4__g4_d_augmentation_w60__svm__r0__w60__fold_3__seed_42,G4,g4_d_augmentation_w60,R0,60,D,augmentation,42
svm,r0_flat,3,validation,distraction,0.252212389380531,0.375,0.30158730158730157,152,G4__g4_d_augmentation_w60__svm__r0__w60__fold_3__seed_42,G4,g4_d_augmentation_w60,R0,60,D,augmentation,42
svm,r0_flat,3,test,alert,0.9532258064516129,0.8646671543525969,0.906789413118527,1367,G4__g4_d_augmentation_w60__svm__r0__w60__fold_3__seed_42,G4,g4_d_augmentation_w60,R0,60,D,augmentation,42
svm,r0_flat,3,test,fatigue,0.0,0.0,0.0,21,G4__g4_d_augmentation_w60__svm__r0__w60__fold_3__seed_42,G4,g4_d_augmentation_w60,R0,60,D,augmentation,42
svm,r0_flat,3,test,distraction,0.2620967741935484,0.5803571428571429,0.3611111111111111,112,G4__g4_d_augmentation_w60__svm__r0__w60__fold_3__seed_42,G4,g4_d_augmentation_w60,R0,60,D,augmentation,42
svm,r0_flat,4,validation,alert,0.9260485651214128,0.8290513833992095,0.8748696558915537,1012,G4__g4_d_augmentation_w60__svm__r0__w60__fold_4__seed_42,G4,g4_d_augmentation_w60,R0,60,D,augmentation,42
svm,r0_flat,4,validation,fatigue,0.030303030303030304,0.058823529411764705,0.04,17,G4__g4_d_augmentation_w60__svm__r0__w60__fold_4__seed_42,G4,g4_d_augmentation_w60,R0,60,D,augmentation,42
svm,r0_flat,4,validation,distraction,0.21505376344086022,0.4166666666666667,0.28368794326241137,96,G4__g4_d_augmentation_w60__svm__r0__w60__fold_4__seed_42,G4,g4_d_augmentation_w60,R0,60,D,augmentation,42
svm,r0_flat,4,test,alert,0.8979118329466357,0.8087774294670846,0.8510170423309511,957,G4__g4_d_augmentation_w60__svm__r0__w60__fold_4__seed_42,G4,g4_d_augmentation_w60,R0,60,D,augmentation,42
svm,r0_flat,4,test,fatigue,,,,0,G4__g4_d_augmentation_w60__svm__r0__w60__fold_4__seed_42,G4,g4_d_augmentation_w60,R0,60,D,augmentation,42
svm,r0_flat,4,test,distraction,0.22926829268292684,0.34057971014492755,0.27405247813411077,138,G4__g4_d_augmentation_w60__svm__r0__w60__fold_4__seed_42,G4,g4_d_augmentation_w60,R0,60,D,augmentation,42
