target_video,calibration_videos,threshold,equal_video_mean_macro_f1,equal_video_mean_fatigue_f1,equal_video_mean_fatigue_precision,model_key
video_01,"[""video_02"",""video_03"",""video_04""]",0.05,0.002244668911335578,0.006734006734006735,0.003401360544217687,lstm_b
video_01,"[""video_02"",""video_03"",""video_04""]",0.06,0.002244668911335578,0.006734006734006735,0.003401360544217687,lstm_b
video_01,"[""video_02"",""video_03"",""video_04""]",0.07,0.002244668911335578,0.006734006734006735,0.003401360544217687,lstm_b
video_01,"[""video_02"",""video_03"",""video_04""]",0.08,0.002244668911335578,0.006734006734006735,0.003401360544217687,lstm_b
video_01,"[""video_02"",""video_03"",""video_04""]",0.09,0.002244668911335578,0.006734006734006735,0.003401360544217687,lstm_b
video_01,"[""video_02"",""video_03"",""video_04""]",0.1,0.002244668911335578,0.006734006734006735,0.003401360544217687,lstm_b
video_01,"[""video_02"",""video_03"",""video_04""]",0.11,0.002244668911335578,0.006734006734006735,0.003401360544217687,lstm_b
video_01,"[""video_02"",""video_03"",""video_04""]",0.12,0.002244668911335578,0.006734006734006735,0.003401360544217687,lstm_b
video_01,"[""video_02"",""video_03"",""video_04""]",0.13,0.002244668911335578,0.006734006734006735,0.003401360544217687,lstm_b
video_01,"[""video_02"",""video_03"",""video_04""]",0.14,0.002244668911335578,0.006734006734006735,0.003401360544217687,lstm_b
video_01,"[""video_02"",""video_03"",""video_04""]",0.15,0.002244668911335578,0.006734006734006735,0.003401360544217687,lstm_b
video_01,"[""video_02"",""video_03"",""video_04""]",0.16,0.002244668911335578,0.006734006734006735,0.003401360544217687,lstm_b
video_01,"[""video_02"",""video_03"",""video_04""]",0.17,0.002244668911335578,0.006734006734006735,0.003401360544217687,lstm_b
video_01,"[""video_02"",""video_03"",""video_04""]",0.18,0.002244668911335578,0.006734006734006735,0.003401360544217687,lstm_b
video_01,"[""video_02"",""video_03"",""video_04""]",0.19,0.002244668911335578,0.006734006734006735,0.003401360544217687,lstm_b
video_01,"[""video_02"",""video_03"",""video_04""]",0.2,0.002244668911335578,0.006734006734006735,0.003401360544217687,lstm_b
video_01,"[""video_02"",""video_03"",""video_04""]",0.21,0.08757862041575248,0.007511737089201879,0.003798670465337132,lstm_b
video_01,"[""video_02"",""video_03"",""video_04""]",0.22,0.21497401635578917,0.01340033500837521,0.006837606837606838,lstm_b
video_01,"[""video_02"",""video_03"",""video_04""]",0.23,0.25216635534075743,0.016460905349794237,0.008438818565400843,lstm_b
video_01,"[""video_02"",""video_03"",""video_04""]",0.24,0.2645392582346721,0.018912529550827423,0.009732360097323601,lstm_b
video_01,"[""video_02"",""video_03"",""video_04""]",0.25,0.27368667507669936,0.022222222222222223,0.011494252873563218,lstm_b
video_01,"[""video_02"",""video_03"",""video_04""]",0.26,0.2791521596242152,0.024464831804281346,0.0126984126984127,lstm_b
video_01,"[""video_02"",""video_03"",""video_04""]",0.27,0.2840008316745755,0.028368794326241134,0.014814814814814815,lstm_b
video_01,"[""video_02"",""video_03"",""video_04""]",0.28,0.2811960435177319,0.015151515151515152,0.007936507936507936,lstm_b
video_01,"[""video_02"",""video_03"",""video_04""]",0.29,0.2851063144923856,0.017316017316017316,0.0091324200913242,lstm_b
video_01,"[""video_02"",""video_03"",""video_04""]",0.3,0.3416399623549044,0.022222222222222223,0.011904761904761904,lstm_b
video_01,"[""video_02"",""video_03"",""video_04""]",0.31,0.3330330621136545,0.025641025641025644,0.013888888888888888,lstm_b
video_01,"[""video_02"",""video_03"",""video_04""]",0.32,0.3311457035136937,0.03508771929824561,0.0196078431372549,lstm_b
video_01,"[""video_02"",""video_03"",""video_04""]",0.33,0.4024312038684483,0.04040404040404041,0.022988505747126436,lstm_b
video_01,"[""video_02"",""video_03"",""video_04""]",0.34,0.4078906432854051,0.047619047619047616,0.027777777777777776,lstm_b
video_01,"[""video_02"",""video_03"",""video_04""]",0.35,0.4170081808702372,0.06666666666666667,0.041666666666666664,lstm_b
video_01,"[""video_02"",""video_03"",""video_04""]",0.36,0.4210523720711248,0.07407407407407407,0.047619047619047616,lstm_b
video_01,"[""video_02"",""video_03"",""video_04""]",0.37,0.42650901881530573,0.09523809523809523,0.06666666666666667,lstm_b
video_01,"[""video_02"",""video_03"",""video_04""]",0.38,0.4291612418151611,0.10256410256410257,0.07407407407407407,lstm_b
video_01,"[""video_02"",""video_03"",""video_04""]",0.39,0.43909605105326605,0.1111111111111111,0.16666666666666666,lstm_b
video_01,"[""video_02"",""video_03"",""video_04""]",0.4,0.4006885307934304,0.0,0.0,lstm_b
video_01,"[""video_02"",""video_03"",""video_04""]",0.41,0.40066996276015643,0.0,0.0,lstm_b
video_01,"[""video_02"",""video_03"",""video_04""]",0.42,0.4004360825068462,0.0,0.0,lstm_b
video_01,"[""video_02"",""video_03"",""video_04""]",0.43,0.4004360825068462,0.0,0.0,lstm_b
video_01,"[""video_02"",""video_03"",""video_04""]",0.44,0.4004360825068462,0.0,0.0,lstm_b
video_01,"[""video_02"",""video_03"",""video_04""]",0.45,0.4004360825068462,0.0,0.0,lstm_b
video_01,"[""video_02"",""video_03"",""video_04""]",0.46,0.4004360825068462,0.0,0.0,lstm_b
video_01,"[""video_02"",""video_03"",""video_04""]",0.47,0.4004360825068462,0.0,0.0,lstm_b
video_01,"[""video_02"",""video_03"",""video_04""]",0.48,0.4004360825068462,0.0,0.0,lstm_b
video_01,"[""video_02"",""video_03"",""video_04""]",0.49,0.4004360825068462,0.0,0.0,lstm_b
video_01,"[""video_02"",""video_03"",""video_04""]",0.5,0.4004360825068462,0.0,0.0,lstm_b
video_02,"[""video_01"",""video_03"",""video_04""]",0.05,0.00992788404135922,0.02978365212407766,0.015338917936320534,lstm_b
video_02,"[""video_01"",""video_03"",""video_04""]",0.06,0.00992788404135922,0.02978365212407766,0.015338917936320534,lstm_b
video_02,"[""video_01"",""video_03"",""video_04""]",0.07,0.00992788404135922,0.02978365212407766,0.015338917936320534,lstm_b
video_02,"[""video_01"",""video_03"",""video_04""]",0.08,0.00992788404135922,0.02978365212407766,0.015338917936320534,lstm_b
video_02,"[""video_01"",""video_03"",""video_04""]",0.09,0.00992788404135922,0.02978365212407766,0.015338917936320534,lstm_b
video_02,"[""video_01"",""video_03"",""video_04""]",0.1,0.00992788404135922,0.02978365212407766,0.015338917936320534,lstm_b
video_02,"[""video_01"",""video_03"",""video_04""]",0.11,0.00992788404135922,0.02978365212407766,0.015338917936320534,lstm_b
video_02,"[""video_01"",""video_03"",""video_04""]",0.12,0.00992788404135922,0.02978365212407766,0.015338917936320534,lstm_b
video_02,"[""video_01"",""video_03"",""video_04""]",0.13,0.00992788404135922,0.02978365212407766,0.015338917936320534,lstm_b
video_02,"[""video_01"",""video_03"",""video_04""]",0.14,0.00992788404135922,0.02978365212407766,0.015338917936320534,lstm_b
video_02,"[""video_01"",""video_03"",""video_04""]",0.15,0.00992788404135922,0.02978365212407766,0.015338917936320534,lstm_b
video_02,"[""video_01"",""video_03"",""video_04""]",0.16,0.00992788404135922,0.02978365212407766,0.015338917936320534,lstm_b
video_02,"[""video_01"",""video_03"",""video_04""]",0.17,0.03417029228636155,0.03260465350017589,0.01685891748003549,lstm_b
video_02,"[""video_01"",""video_03"",""video_04""]",0.18,0.061886891731938364,0.03170279574773957,0.01652472012427018,lstm_b
video_02,"[""video_01"",""video_03"",""video_04""]",0.19,0.0690819928915167,0.031223802652374084,0.016332395026976306,lstm_b
video_02,"[""video_01"",""video_03"",""video_04""]",0.2,0.0723972497176694,0.03215773554756606,0.016854275342423963,lstm_b
video_02,"[""video_01"",""video_03"",""video_04""]",0.21,0.1456951455469309,0.031006597588467664,0.016259729655368284,lstm_b
video_02,"[""video_01"",""video_03"",""video_04""]",0.22,0.2301262096250308,0.03442135602939623,0.018001881159775898,lstm_b
video_02,"[""video_01"",""video_03"",""video_04""]",0.23,0.2450564058267369,0.03776988556288404,0.01976567940682479,lstm_b
video_02,"[""video_01"",""video_03"",""video_04""]",0.24,0.2557558590015065,0.040719383133381935,0.02134098364624566,lstm_b
video_02,"[""video_01"",""video_03"",""video_04""]",0.25,0.2648386144436657,0.04423480083857442,0.023219546005891527,lstm_b
video_02,"[""video_01"",""video_03"",""video_04""]",0.26,0.27008040713141007,0.046900729240178775,0.024664224664224663,lstm_b
video_02,"[""video_01"",""video_03"",""video_04""]",0.27,0.2746578455820749,0.05091307774008976,0.02684230622374952,lstm_b
video_02,"[""video_01"",""video_03"",""video_04""]",0.28,0.2730009620075991,0.038027332144979206,0.02015291282306989,lstm_b
video_02,"[""video_01"",""video_03"",""video_04""]",0.29,0.2789353275010549,0.04100468059858923,0.021813579511614056,lstm_b
video_02,"[""video_01"",""video_03"",""video_04""]",0.3,0.3358616708478785,0.046031746031746035,0.024655217278168096,lstm_b
video_02,"[""video_01"",""video_03"",""video_04""]",0.31,0.32757657469135776,0.04957264957264957,0.026709401709401708,lstm_b
video_02,"[""video_01"",""video_03"",""video_04""]",0.32,0.3266311560170189,0.05952052907136952,0.03271645736946464,lstm_b
video_02,"[""video_01"",""video_03"",""video_04""]",0.33,0.36198672894948464,0.06549364613880743,0.03647598166234802,lstm_b
video_02,"[""video_01"",""video_03"",""video_04""]",0.34,0.3630717027646873,0.07298136645962733,0.041423001949317736,lstm_b
video_02,"[""video_01"",""video_03"",""video_04""]",0.35,0.3720960426560926,0.0925925925925926,0.05563872255489022,lstm_b
video_02,"[""video_01"",""video_03"",""video_04""]",0.36,0.37595807597336356,0.10029130253849354,0.06176046176046176,lstm_b
video_02,"[""video_01"",""video_03"",""video_04""]",0.37,0.3817752614685908,0.12175324675324674,0.08098159509202454,lstm_b
video_02,"[""video_01"",""video_03"",""video_04""]",0.38,0.3833316162229267,0.12666048810627126,0.08714596949891067,lstm_b
video_02,"[""video_01"",""video_03"",""video_04""]",0.39,0.38323185494453343,0.1111111111111111,0.16666666666666666,lstm_b
video_02,"[""video_01"",""video_03"",""video_04""]",0.4,0.34484392293958016,0.0,0.0,lstm_b
video_02,"[""video_01"",""video_03"",""video_04""]",0.41,0.34484392293958016,0.0,0.0,lstm_b
video_02,"[""video_01"",""video_03"",""video_04""]",0.42,0.34484392293958016,0.0,0.0,lstm_b
video_02,"[""video_01"",""video_03"",""video_04""]",0.43,0.34484392293958016,0.0,0.0,lstm_b
video_02,"[""video_01"",""video_03"",""video_04""]",0.44,0.34484392293958016,0.0,0.0,lstm_b
video_02,"[""video_01"",""video_03"",""video_04""]",0.45,0.34484392293958016,0.0,0.0,lstm_b
video_02,"[""video_01"",""video_03"",""video_04""]",0.46,0.34484392293958016,0.0,0.0,lstm_b
video_02,"[""video_01"",""video_03"",""video_04""]",0.47,0.34484392293958016,0.0,0.0,lstm_b
video_02,"[""video_01"",""video_03"",""video_04""]",0.48,0.34484392293958016,0.0,0.0,lstm_b
video_02,"[""video_01"",""video_03"",""video_04""]",0.49,0.34484392293958016,0.0,0.0,lstm_b
video_02,"[""video_01"",""video_03"",""video_04""]",0.5,0.34484392293958016,0.0,0.0,lstm_b
video_03,"[""video_01"",""video_02"",""video_04""]",0.05,0.007683215130023641,0.023049645390070924,0.011937557392102846,lstm_b
video_03,"[""video_01"",""video_02"",""video_04""]",0.06,0.007683215130023641,0.023049645390070924,0.011937557392102846,lstm_b
video_03,"[""video_01"",""video_02"",""video_04""]",0.07,0.007683215130023641,0.023049645390070924,0.011937557392102846,lstm_b
video_03,"[""video_01"",""video_02"",""video_04""]",0.08,0.007683215130023641,0.023049645390070924,0.011937557392102846,lstm_b
video_03,"[""video_01"",""video_02"",""video_04""]",0.09,0.007683215130023641,0.023049645390070924,0.011937557392102846,lstm_b
video_03,"[""video_01"",""video_02"",""video_04""]",0.1,0.007683215130023641,0.023049645390070924,0.011937557392102846,lstm_b
video_03,"[""video_01"",""video_02"",""video_04""]",0.11,0.007683215130023641,0.023049645390070924,0.011937557392102846,lstm_b
video_03,"[""video_01"",""video_02"",""video_04""]",0.12,0.007683215130023641,0.023049645390070924,0.011937557392102846,lstm_b
video_03,"[""video_01"",""video_02"",""video_04""]",0.13,0.007683215130023641,0.023049645390070924,0.011937557392102846,lstm_b
video_03,"[""video_01"",""video_02"",""video_04""]",0.14,0.007683215130023641,0.023049645390070924,0.011937557392102846,lstm_b
video_03,"[""video_01"",""video_02"",""video_04""]",0.15,0.007683215130023641,0.023049645390070924,0.011937557392102846,lstm_b
video_03,"[""video_01"",""video_02"",""video_04""]",0.16,0.007683215130023641,0.023049645390070924,0.011937557392102846,lstm_b
video_03,"[""video_01"",""video_02"",""video_04""]",0.17,0.031925623375025976,0.025870646766169153,0.013457556935817806,lstm_b
video_03,"[""video_01"",""video_02"",""video_04""]",0.18,0.05964222282060278,0.024968789013732836,0.013123359580052493,lstm_b
video_03,"[""video_01"",""video_02"",""video_04""]",0.19,0.06683732398018112,0.02448979591836735,0.01293103448275862,lstm_b
video_03,"[""video_01"",""video_02"",""video_04""]",0.2,0.07015258080633384,0.025423728813559324,0.013452914798206277,lstm_b
video_03,"[""video_01"",""video_02"",""video_04""]",0.21,0.13528968947888473,0.023494860499265788,0.012461059190031152,lstm_b
video_03,"[""video_01"",""video_02"",""video_04""]",0.22,0.2066347112485866,0.02102102102102102,0.011164274322169059,lstm_b
video_03,"[""video_01"",""video_02"",""video_04""]",0.23,0.2353626959629861,0.0213089802130898,0.011326860841423947,lstm_b
video_03,"[""video_01"",""video_02"",""video_04""]",0.24,0.24404262778640984,0.021806853582554516,0.011608623548922057,lstm_b
video_03,"[""video_01"",""video_02"",""video_04""]",0.25,0.24882407197710518,0.0220125786163522,0.011725293132328308,lstm_b
video_03,"[""video_01"",""video_02"",""video_04""]",0.26,0.25273582242806153,0.022435897435897436,0.011965811965811965,lstm_b
video_03,"[""video_01"",""video_02"",""video_04""]",0.27,0.25413924542474725,0.02254428341384863,0.012027491408934707,lstm_b
video_03,"[""video_01"",""video_02"",""video_04""]",0.28,0.2562856331841869,0.022875816993464054,0.012216404886561954,lstm_b
video_03,"[""video_01"",""video_02"",""video_04""]",0.29,0.2597927484869073,0.023688663282571912,0.012681159420289856,lstm_b
video_03,"[""video_01"",""video_02"",""video_04""]",0.3,0.2610611994524075,0.023809523809523808,0.012750455373406194,lstm_b
video_03,"[""video_01"",""video_02"",""video_04""]",0.31,0.26129705721716884,0.02393162393162393,0.012820512820512822,lstm_b
video_03,"[""video_01"",""video_02"",""video_04""]",0.32,0.2629170564133258,0.02443280977312391,0.013108614232209737,lstm_b
video_03,"[""video_01"",""video_02"",""video_04""]",0.33,0.33684907467387815,0.025089605734767026,0.01348747591522158,lstm_b
video_03,"[""video_01"",""video_02"",""video_04""]",0.34,0.341855953090332,0.025362318840579712,0.01364522417153996,lstm_b
video_03,"[""video_01"",""video_02"",""video_04""]",0.35,0.3453115815455403,0.025925925925925925,0.013972055888223553,lstm_b
video_03,"[""video_01"",""video_02"",""video_04""]",0.36,0.3466625534837924,0.026217228464419474,0.014141414141414142,lstm_b
video_03,"[""video_01"",""video_02"",""video_04""]",0.37,0.34725615425704975,0.026515151515151516,0.014314928425357873,lstm_b
video_03,"[""video_01"",""video_02"",""video_04""]",0.38,0.34650062487612093,0.024096385542168672,0.013071895424836602,lstm_b
video_03,"[""video_01"",""video_02"",""video_04""]",0.39,0.3402351538149966,0.0,0.0,lstm_b
video_03,"[""video_01"",""video_02"",""video_04""]",0.4,0.34021556556011423,0.0,0.0,lstm_b
video_03,"[""video_01"",""video_02"",""video_04""]",0.41,0.34019699752684035,0.0,0.0,lstm_b
video_03,"[""video_01"",""video_02"",""video_04""]",0.42,0.33996311727353,0.0,0.0,lstm_b
video_03,"[""video_01"",""video_02"",""video_04""]",0.43,0.33996311727353,0.0,0.0,lstm_b
video_03,"[""video_01"",""video_02"",""video_04""]",0.44,0.33996311727353,0.0,0.0,lstm_b
video_03,"[""video_01"",""video_02"",""video_04""]",0.45,0.33996311727353,0.0,0.0,lstm_b
video_03,"[""video_01"",""video_02"",""video_04""]",0.46,0.33996311727353,0.0,0.0,lstm_b
video_03,"[""video_01"",""video_02"",""video_04""]",0.47,0.33996311727353,0.0,0.0,lstm_b
video_03,"[""video_01"",""video_02"",""video_04""]",0.48,0.33996311727353,0.0,0.0,lstm_b
video_03,"[""video_01"",""video_02"",""video_04""]",0.49,0.33996311727353,0.0,0.0,lstm_b
video_03,"[""video_01"",""video_02"",""video_04""]",0.5,0.33996311727353,0.0,0.0,lstm_b
video_04,"[""video_01"",""video_02"",""video_03""]",0.05,0.00992788404135922,0.02978365212407766,0.015338917936320534,lstm_b
video_04,"[""video_01"",""video_02"",""video_03""]",0.06,0.00992788404135922,0.02978365212407766,0.015338917936320534,lstm_b
video_04,"[""video_01"",""video_02"",""video_03""]",0.07,0.00992788404135922,0.02978365212407766,0.015338917936320534,lstm_b
video_04,"[""video_01"",""video_02"",""video_03""]",0.08,0.00992788404135922,0.02978365212407766,0.015338917936320534,lstm_b
video_04,"[""video_01"",""video_02"",""video_03""]",0.09,0.00992788404135922,0.02978365212407766,0.015338917936320534,lstm_b
video_04,"[""video_01"",""video_02"",""video_03""]",0.1,0.00992788404135922,0.02978365212407766,0.015338917936320534,lstm_b
video_04,"[""video_01"",""video_02"",""video_03""]",0.11,0.00992788404135922,0.02978365212407766,0.015338917936320534,lstm_b
video_04,"[""video_01"",""video_02"",""video_03""]",0.12,0.00992788404135922,0.02978365212407766,0.015338917936320534,lstm_b
video_04,"[""video_01"",""video_02"",""video_03""]",0.13,0.00992788404135922,0.02978365212407766,0.015338917936320534,lstm_b
video_04,"[""video_01"",""video_02"",""video_03""]",0.14,0.00992788404135922,0.02978365212407766,0.015338917936320534,lstm_b
video_04,"[""video_01"",""video_02"",""video_03""]",0.15,0.00992788404135922,0.02978365212407766,0.015338917936320534,lstm_b
video_04,"[""video_01"",""video_02"",""video_03""]",0.16,0.00992788404135922,0.02978365212407766,0.015338917936320534,lstm_b
video_04,"[""video_01"",""video_02"",""video_03""]",0.17,0.03417029228636155,0.03260465350017589,0.01685891748003549,lstm_b
video_04,"[""video_01"",""video_02"",""video_03""]",0.18,0.061886891731938364,0.03170279574773957,0.01652472012427018,lstm_b
video_04,"[""video_01"",""video_02"",""video_03""]",0.19,0.0690819928915167,0.031223802652374084,0.016332395026976306,lstm_b
video_04,"[""video_01"",""video_02"",""video_03""]",0.2,0.0723972497176694,0.03215773554756606,0.016854275342423963,lstm_b
video_04,"[""video_01"",""video_02"",""video_03""]",0.21,0.11005203584403334,0.031006597588467664,0.016259729655368284,lstm_b
video_04,"[""video_01"",""video_02"",""video_03""]",0.22,0.20997532862617774,0.03442135602939623,0.018001881159775898,lstm_b
video_04,"[""video_01"",""video_02"",""video_03""]",0.23,0.24377617227384948,0.03776988556288404,0.01976567940682479,lstm_b
video_04,"[""video_01"",""video_02"",""video_03""]",0.24,0.25421188326398236,0.040719383133381935,0.02134098364624566,lstm_b
video_04,"[""video_01"",""video_02"",""video_03""]",0.25,0.26065190642161296,0.04423480083857442,0.023219546005891527,lstm_b
video_04,"[""video_01"",""video_02"",""video_03""]",0.26,0.26641819561906477,0.046900729240178775,0.024664224664224663,lstm_b
video_04,"[""video_01"",""video_02"",""video_03""]",0.27,0.27112586282104595,0.05091307774008976,0.02684230622374952,lstm_b
video_04,"[""video_01"",""video_02"",""video_03""]",0.28,0.2679864173939747,0.038027332144979206,0.02015291282306989,lstm_b
video_04,"[""video_01"",""video_02"",""video_03""]",0.29,0.27319464034995433,0.04100468059858923,0.021813579511614056,lstm_b
video_04,"[""video_01"",""video_02"",""video_03""]",0.3,0.3290345027473483,0.046031746031746035,0.024655217278168096,lstm_b
video_04,"[""video_01"",""video_02"",""video_03""]",0.31,0.3208353529107955,0.04957264957264957,0.026709401709401708,lstm_b
video_04,"[""video_01"",""video_02"",""video_03""]",0.32,0.3202289638717242,0.05952052907136952,0.03271645736946464,lstm_b
video_04,"[""video_01"",""video_02"",""video_03""]",0.33,0.3582767036754613,0.06549364613880743,0.03647598166234802,lstm_b
video_04,"[""video_01"",""video_02"",""video_03""]",0.34,0.36499823737924886,0.07298136645962733,0.041423001949317736,lstm_b
video_04,"[""video_01"",""video_02"",""video_03""]",0.35,0.3737273240152262,0.0925925925925926,0.05563872255489022,lstm_b
video_04,"[""video_01"",""video_02"",""video_03""]",0.36,0.37689400369997195,0.10029130253849354,0.06176046176046176,lstm_b
video_04,"[""video_01"",""video_02"",""video_03""]",0.37,0.38169443397058117,0.12175324675324674,0.08098159509202454,lstm_b
video_04,"[""video_01"",""video_02"",""video_03""]",0.38,0.3837792886239019,0.12666048810627126,0.08714596949891067,lstm_b
video_04,"[""video_01"",""video_02"",""video_03""]",0.39,0.38591775389746075,0.1111111111111111,0.16666666666666666,lstm_b
video_04,"[""video_01"",""video_02"",""video_03""]",0.4,0.34751023363762507,0.0,0.0,lstm_b
video_04,"[""video_01"",""video_02"",""video_03""]",0.41,0.3474916656043512,0.0,0.0,lstm_b
video_04,"[""video_01"",""video_02"",""video_03""]",0.42,0.34725778535104085,0.0,0.0,lstm_b
video_04,"[""video_01"",""video_02"",""video_03""]",0.43,0.34725778535104085,0.0,0.0,lstm_b
video_04,"[""video_01"",""video_02"",""video_03""]",0.44,0.34725778535104085,0.0,0.0,lstm_b
video_04,"[""video_01"",""video_02"",""video_03""]",0.45,0.34725778535104085,0.0,0.0,lstm_b
video_04,"[""video_01"",""video_02"",""video_03""]",0.46,0.34725778535104085,0.0,0.0,lstm_b
video_04,"[""video_01"",""video_02"",""video_03""]",0.47,0.34725778535104085,0.0,0.0,lstm_b
video_04,"[""video_01"",""video_02"",""video_03""]",0.48,0.34725778535104085,0.0,0.0,lstm_b
video_04,"[""video_01"",""video_02"",""video_03""]",0.49,0.34725778535104085,0.0,0.0,lstm_b
video_04,"[""video_01"",""video_02"",""video_03""]",0.5,0.34725778535104085,0.0,0.0,lstm_b
video_01,"[""video_02"",""video_03"",""video_04""]",0.05,0.002244668911335578,0.006734006734006735,0.003401360544217687,tcn_b
video_01,"[""video_02"",""video_03"",""video_04""]",0.06,0.002244668911335578,0.006734006734006735,0.003401360544217687,tcn_b
video_01,"[""video_02"",""video_03"",""video_04""]",0.07,0.002244668911335578,0.006734006734006735,0.003401360544217687,tcn_b
video_01,"[""video_02"",""video_03"",""video_04""]",0.08,0.002244668911335578,0.006734006734006735,0.003401360544217687,tcn_b
video_01,"[""video_02"",""video_03"",""video_04""]",0.09,0.002244668911335578,0.006734006734006735,0.003401360544217687,tcn_b
video_01,"[""video_02"",""video_03"",""video_04""]",0.1,0.002244668911335578,0.006734006734006735,0.003401360544217687,tcn_b
video_01,"[""video_02"",""video_03"",""video_04""]",0.11,0.002244668911335578,0.006734006734006735,0.003401360544217687,tcn_b
video_01,"[""video_02"",""video_03"",""video_04""]",0.12,0.002244668911335578,0.006734006734006735,0.003401360544217687,tcn_b
video_01,"[""video_02"",""video_03"",""video_04""]",0.13,0.002244668911335578,0.006734006734006735,0.003401360544217687,tcn_b
video_01,"[""video_02"",""video_03"",""video_04""]",0.14,0.002244668911335578,0.006734006734006735,0.003401360544217687,tcn_b
video_01,"[""video_02"",""video_03"",""video_04""]",0.15,0.002244668911335578,0.006734006734006735,0.003401360544217687,tcn_b
video_01,"[""video_02"",""video_03"",""video_04""]",0.16,0.002244668911335578,0.006734006734006735,0.003401360544217687,tcn_b
video_01,"[""video_02"",""video_03"",""video_04""]",0.17,0.002244668911335578,0.006734006734006735,0.003401360544217687,tcn_b
video_01,"[""video_02"",""video_03"",""video_04""]",0.18,0.0075537322408767245,0.006734006734006735,0.003401360544217687,tcn_b
video_01,"[""video_02"",""video_03"",""video_04""]",0.19,0.036921273082994414,0.006734006734006735,0.003401360544217687,tcn_b
video_01,"[""video_02"",""video_03"",""video_04""]",0.2,0.07490730728792154,0.006734006734006735,0.003401360544217687,tcn_b
video_01,"[""video_02"",""video_03"",""video_04""]",0.21,0.1230921787759578,0.006785411365564038,0.0034275921165381317,tcn_b
video_01,"[""video_02"",""video_03"",""video_04""]",0.22,0.1784310995521791,0.007662835249042145,0.003875968992248062,tcn_b
video_01,"[""video_02"",""video_03"",""video_04""]",0.23,0.218372893405117,0.009732360097323601,0.0049382716049382715,tcn_b
video_01,"[""video_02"",""video_03"",""video_04""]",0.24,0.23439421380237557,0.011494252873563218,0.005847953216374269,tcn_b
video_01,"[""video_02"",""video_03"",""video_04""]",0.25,0.3169751404242182,0.014109347442680775,0.007207207207207207,tcn_b
video_01,"[""video_02"",""video_03"",""video_04""]",0.26,0.3613284428349543,0.016877637130801686,0.008658008658008658,tcn_b
video_01,"[""video_02"",""video_03"",""video_04""]",0.27,0.37379763827919904,0.01839080459770115,0.009456264775413711,tcn_b
video_01,"[""video_02"",""video_03"",""video_04""]",0.28,0.40781605191610293,0.0196078431372549,0.010101010101010102,tcn_b
video_01,"[""video_02"",""video_03"",""video_04""]",0.29,0.4108542646282381,0.021164021164021163,0.01092896174863388,tcn_b
video_01,"[""video_02"",""video_03"",""video_04""]",0.3,0.4124789594149673,0.02203856749311295,0.011396011396011397,tcn_b
video_01,"[""video_02"",""video_03"",""video_04""]",0.31,0.41645811145735573,0.023809523809523808,0.012345679012345678,tcn_b
video_01,"[""video_02"",""video_03"",""video_04""]",0.32,0.418028891163958,0.025157232704402514,0.013071895424836602,tcn_b
video_01,"[""video_02"",""video_03"",""video_04""]",0.33,0.4249788619938836,0.029304029304029307,0.01532567049808429,tcn_b
video_01,"[""video_02"",""video_03"",""video_04""]",0.34,0.4249309844604761,0.02531645569620253,0.013333333333333334,tcn_b
video_01,"[""video_02"",""video_03"",""video_04""]",0.35,0.431631643879608,0.01932367149758454,0.010256410256410256,tcn_b
video_01,"[""video_02"",""video_03"",""video_04""]",0.36,0.43101648367447193,0.021164021164021163,0.011299435028248588,tcn_b
video_01,"[""video_02"",""video_03"",""video_04""]",0.37,0.42435019180828043,0.012820512820512822,0.006944444444444444,tcn_b
video_01,"[""video_02"",""video_03"",""video_04""]",0.38,0.4152911768967662,0.0,0.0,tcn_b
video_01,"[""video_02"",""video_03"",""video_04""]",0.39,0.41240440943025974,0.0,0.0,tcn_b
video_01,"[""video_02"",""video_03"",""video_04""]",0.4,0.41092463140784236,0.0,0.0,tcn_b
video_01,"[""video_02"",""video_03"",""video_04""]",0.41,0.40984239255586624,0.0,0.0,tcn_b
video_01,"[""video_02"",""video_03"",""video_04""]",0.42,0.41361155283867856,0.0,0.0,tcn_b
video_01,"[""video_02"",""video_03"",""video_04""]",0.43,0.4138309034889516,0.0,0.0,tcn_b
video_01,"[""video_02"",""video_03"",""video_04""]",0.44,0.4185984745622919,0.0,0.0,tcn_b
video_01,"[""video_02"",""video_03"",""video_04""]",0.45,0.4197788818029373,0.0,0.0,tcn_b
video_01,"[""video_02"",""video_03"",""video_04""]",0.46,0.4197788818029373,0.0,0.0,tcn_b
video_01,"[""video_02"",""video_03"",""video_04""]",0.47,0.41993835593698026,0.0,0.0,tcn_b
video_01,"[""video_02"",""video_03"",""video_04""]",0.48,0.4193163717551851,0.0,0.0,tcn_b
video_01,"[""video_02"",""video_03"",""video_04""]",0.49,0.4194274283209392,0.0,0.0,tcn_b
video_01,"[""video_02"",""video_03"",""video_04""]",0.5,0.4194274283209392,0.0,0.0,tcn_b
video_02,"[""video_01"",""video_03"",""video_04""]",0.05,0.00992788404135922,0.02978365212407766,0.015338917936320534,tcn_b
video_02,"[""video_01"",""video_03"",""video_04""]",0.06,0.00992788404135922,0.02978365212407766,0.015338917936320534,tcn_b
video_02,"[""video_01"",""video_03"",""video_04""]",0.07,0.00992788404135922,0.02978365212407766,0.015338917936320534,tcn_b
video_02,"[""video_01"",""video_03"",""video_04""]",0.08,0.00992788404135922,0.02978365212407766,0.015338917936320534,tcn_b
video_02,"[""video_01"",""video_03"",""video_04""]",0.09,0.00992788404135922,0.02978365212407766,0.015338917936320534,tcn_b
video_02,"[""video_01"",""video_03"",""video_04""]",0.1,0.00992788404135922,0.02978365212407766,0.015338917936320534,tcn_b
video_02,"[""video_01"",""video_03"",""video_04""]",0.11,0.00992788404135922,0.02978365212407766,0.015338917936320534,tcn_b
video_02,"[""video_01"",""video_03"",""video_04""]",0.12,0.00992788404135922,0.02978365212407766,0.015338917936320534,tcn_b
video_02,"[""video_01"",""video_03"",""video_04""]",0.13,0.00992788404135922,0.02978365212407766,0.015338917936320534,tcn_b
video_02,"[""video_01"",""video_03"",""video_04""]",0.14,0.00992788404135922,0.02978365212407766,0.015338917936320534,tcn_b
video_02,"[""video_01"",""video_03"",""video_04""]",0.15,0.00992788404135922,0.02978365212407766,0.015338917936320534,tcn_b
video_02,"[""video_01"",""video_03"",""video_04""]",0.16,0.00992788404135922,0.02978365212407766,0.015338917936320534,tcn_b
video_02,"[""video_01"",""video_03"",""video_04""]",0.17,0.00992788404135922,0.02978365212407766,0.015338917936320534,tcn_b
video_02,"[""video_01"",""video_03"",""video_04""]",0.18,0.013161321868913329,0.030094294245237643,0.015505643598221411,tcn_b
video_02,"[""video_01"",""video_03"",""video_04""]",0.19,0.025956931594186494,0.03135521885521886,0.016184054742841087,tcn_b
video_02,"[""video_01"",""video_03"",""video_04""]",0.2,0.07770844125595318,0.0335960335960336,0.01750392464678179,tcn_b
video_02,"[""video_01"",""video_03"",""video_04""]",0.21,0.11230715815512969,0.03194264406996655,0.016655105344051357,tcn_b
video_02,"[""video_01"",""video_03"",""video_04""]",0.22,0.16337101725455858,0.03401329638211197,0.01776485788113695,tcn_b
video_02,"[""video_01"",""video_03"",""video_04""]",0.23,0.19978289913319633,0.034322524031749825,0.01792528459195126,tcn_b
video_02,"[""video_01"",""video_03"",""video_04""]",0.24,0.21918967240347928,0.03724532583493661,0.019484316852737906,tcn_b
video_02,"[""video_01"",""video_03"",""video_04""]",0.25,0.30361183586159307,0.03802564041726971,0.01990561990561991,tcn_b
video_02,"[""video_01"",""video_03"",""video_04""]",0.26,0.31601761044370136,0.04134246893508303,0.021666138739309473,tcn_b
video_02,"[""video_01"",""video_03"",""video_04""]",0.27,0.32800726538602243,0.04403183023872679,0.02313147845062739,tcn_b
video_02,"[""video_01"",""video_03"",""video_04""]",0.28,0.36276981456341223,0.04614183982050531,0.02428540726413067,tcn_b
video_02,"[""video_01"",""video_03"",""video_04""]",0.29,0.3655376583317366,0.041782577865052094,0.02197868550553996,tcn_b
video_02,"[""video_01"",""video_03"",""video_04""]",0.3,0.36640980223469904,0.03967525179646392,0.020865708365708367,tcn_b
video_02,"[""video_01"",""video_03"",""video_04""]",0.31,0.371537246567228,0.04212454212454212,0.022207611951201692,tcn_b
video_02,"[""video_01"",""video_03"",""video_04""]",0.32,0.3745970868376676,0.04377920663363901,0.02311205606740688,tcn_b
video_02,"[""video_01"",""video_03"",""video_04""]",0.33,0.3811700535473812,0.04879720669194354,0.025874193704835347,tcn_b
video_02,"[""video_01"",""video_03"",""video_04""]",0.34,0.379110866272506,0.03661589072445112,0.019682539682539683,tcn_b
video_02,"[""video_01"",""video_03"",""video_04""]",0.35,0.3853314423192767,0.03166935050993022,0.01727395411605938,tcn_b
video_02,"[""video_01"",""video_03"",""video_04""]",0.36,0.3846088677889444,0.03463203463203463,0.01905137301274471,tcn_b
video_02,"[""video_01"",""video_03"",""video_04""]",0.37,0.37321289270718044,0.012820512820512822,0.006944444444444444,tcn_b
video_02,"[""video_01"",""video_03"",""video_04""]",0.38,0.36629670582996754,0.0,0.0,tcn_b
video_02,"[""video_01"",""video_03"",""video_04""]",0.39,0.36418019981161914,0.0,0.0,tcn_b
video_02,"[""video_01"",""video_03"",""video_04""]",0.4,0.36341138452341726,0.0,0.0,tcn_b
video_02,"[""video_01"",""video_03"",""video_04""]",0.41,0.36303407759538814,0.0,0.0,tcn_b
video_02,"[""video_01"",""video_03"",""video_04""]",0.42,0.3639354602147548,0.0,0.0,tcn_b
video_02,"[""video_01"",""video_03"",""video_04""]",0.43,0.3648604608508779,0.0,0.0,tcn_b
video_02,"[""video_01"",""video_03"",""video_04""]",0.44,0.3696806691153996,0.0,0.0,tcn_b
video_02,"[""video_01"",""video_03"",""video_04""]",0.45,0.37115114846932157,0.0,0.0,tcn_b
video_02,"[""video_01"",""video_03"",""video_04""]",0.46,0.37115114846932157,0.0,0.0,tcn_b
video_02,"[""video_01"",""video_03"",""video_04""]",0.47,0.3713106226033646,0.0,0.0,tcn_b
video_02,"[""video_01"",""video_03"",""video_04""]",0.48,0.37068863842156946,0.0,0.0,tcn_b
video_02,"[""video_01"",""video_03"",""video_04""]",0.49,0.3708468124995567,0.0,0.0,tcn_b
video_02,"[""video_01"",""video_03"",""video_04""]",0.5,0.3708468124995567,0.0,0.0,tcn_b
video_03,"[""video_01"",""video_02"",""video_04""]",0.05,0.007683215130023641,0.023049645390070924,0.011937557392102846,tcn_b
video_03,"[""video_01"",""video_02"",""video_04""]",0.06,0.007683215130023641,0.023049645390070924,0.011937557392102846,tcn_b
video_03,"[""video_01"",""video_02"",""video_04""]",0.07,0.007683215130023641,0.023049645390070924,0.011937557392102846,tcn_b
video_03,"[""video_01"",""video_02"",""video_04""]",0.08,0.007683215130023641,0.023049645390070924,0.011937557392102846,tcn_b
video_03,"[""video_01"",""video_02"",""video_04""]",0.09,0.007683215130023641,0.023049645390070924,0.011937557392102846,tcn_b
video_03,"[""video_01"",""video_02"",""video_04""]",0.1,0.007683215130023641,0.023049645390070924,0.011937557392102846,tcn_b
video_03,"[""video_01"",""video_02"",""video_04""]",0.11,0.007683215130023641,0.023049645390070924,0.011937557392102846,tcn_b
video_03,"[""video_01"",""video_02"",""video_04""]",0.12,0.007683215130023641,0.023049645390070924,0.011937557392102846,tcn_b
video_03,"[""video_01"",""video_02"",""video_04""]",0.13,0.007683215130023641,0.023049645390070924,0.011937557392102846,tcn_b
video_03,"[""video_01"",""video_02"",""video_04""]",0.14,0.007683215130023641,0.023049645390070924,0.011937557392102846,tcn_b
video_03,"[""video_01"",""video_02"",""video_04""]",0.15,0.007683215130023641,0.023049645390070924,0.011937557392102846,tcn_b
video_03,"[""video_01"",""video_02"",""video_04""]",0.16,0.007683215130023641,0.023049645390070924,0.011937557392102846,tcn_b
video_03,"[""video_01"",""video_02"",""video_04""]",0.17,0.007683215130023641,0.023049645390070924,0.011937557392102846,tcn_b
video_03,"[""video_01"",""video_02"",""video_04""]",0.18,0.0162257162871189,0.02336028751123091,0.012104283054003726,tcn_b
video_03,"[""video_01"",""video_02"",""video_04""]",0.19,0.05714392443309674,0.024621212121212124,0.012782694198623401,tcn_b
video_03,"[""video_01"",""video_02"",""video_04""]",0.2,0.13116288230729348,0.026862026862026864,0.014102564102564103,tcn_b
video_03,"[""video_01"",""video_02"",""video_04""]",0.21,0.17952707547201194,0.025157232704402514,0.013227513227513227,tcn_b
video_03,"[""video_01"",""video_02"",""video_04""]",0.22,0.21599891534585083,0.026350461133069828,0.013888888888888888,tcn_b
video_03,"[""video_01"",""video_02"",""video_04""]",0.23,0.22811664267861873,0.02459016393442623,0.012987012987012986,tcn_b
video_03,"[""video_01"",""video_02"",""video_04""]",0.24,0.23456076179454066,0.025751072961373394,0.013636363636363636,tcn_b
video_03,"[""video_01"",""video_02"",""video_04""]",0.25,0.23904064079662546,0.02391629297458894,0.0126984126984127,tcn_b
video_03,"[""video_01"",""video_02"",""video_04""]",0.26,0.2768248929505021,0.024464831804281346,0.013008130081300813,tcn_b
video_03,"[""video_01"",""video_02"",""video_04""]",0.27,0.28511085274083936,0.025641025641025644,0.013675213675213675,tcn_b
video_03,"[""video_01"",""video_02"",""video_04""]",0.28,0.3191194787594771,0.026533996683250415,0.014184397163120567,tcn_b
video_03,"[""video_01"",""video_02"",""video_04""]",0.29,0.3187255620489568,0.020618556701030927,0.011049723756906077,tcn_b
video_03,"[""video_01"",""video_02"",""video_04""]",0.3,0.3190220009356926,0.01763668430335097,0.00946969696969697,tcn_b
video_03,"[""video_01"",""video_02"",""video_04""]",0.31,0.3227510724588974,0.018315018315018316,0.009861932938856016,tcn_b
video_03,"[""video_01"",""video_02"",""video_04""]",0.32,0.32770111783893535,0.018621973929236497,0.010040160642570281,tcn_b
video_03,"[""video_01"",""video_02"",""video_04""]",0.33,0.336843028966103,0.01949317738791423,0.010548523206751056,tcn_b
video_03,"[""video_01"",""video_02"",""video_04""]",0.34,0.33898706413995366,0.011299435028248588,0.00634920634920635,tcn_b
video_03,"[""video_01"",""video_02"",""video_04""]",0.35,0.3449901564401366,0.012345679012345678,0.007017543859649123,tcn_b
video_03,"[""video_01"",""video_02"",""video_04""]",0.36,0.3507444313334542,0.01346801346801347,0.007751937984496124,tcn_b
video_03,"[""video_01"",""video_02"",""video_04""]",0.37,0.34952771036815194,0.0,0.0,tcn_b
video_03,"[""video_01"",""video_02"",""video_04""]",0.38,0.35540175311966604,0.0,0.0,tcn_b
video_03,"[""video_01"",""video_02"",""video_04""]",0.39,0.3615336733760825,0.0,0.0,tcn_b
video_03,"[""video_01"",""video_02"",""video_04""]",0.4,0.36030423921363397,0.0,0.0,tcn_b
video_03,"[""video_01"",""video_02"",""video_04""]",0.41,0.36139566104083154,0.0,0.0,tcn_b
video_03,"[""video_01"",""video_02"",""video_04""]",0.42,0.36562069446669493,0.0,0.0,tcn_b
video_03,"[""video_01"",""video_02"",""video_04""]",0.43,0.36592532333966243,0.0,0.0,tcn_b
video_03,"[""video_01"",""video_02"",""video_04""]",0.44,0.36606423929174065,0.0,0.0,tcn_b
video_03,"[""video_01"",""video_02"",""video_04""]",0.45,0.36692438571998703,0.0,0.0,tcn_b
video_03,"[""video_01"",""video_02"",""video_04""]",0.46,0.36692438571998703,0.0,0.0,tcn_b
video_03,"[""video_01"",""video_02"",""video_04""]",0.47,0.36692438571998703,0.0,0.0,tcn_b
video_03,"[""video_01"",""video_02"",""video_04""]",0.48,0.36692438571998703,0.0,0.0,tcn_b
video_03,"[""video_01"",""video_02"",""video_04""]",0.49,0.3668772682077539,0.0,0.0,tcn_b
video_03,"[""video_01"",""video_02"",""video_04""]",0.5,0.3668772682077539,0.0,0.0,tcn_b
video_04,"[""video_01"",""video_02"",""video_03""]",0.05,0.00992788404135922,0.02978365212407766,0.015338917936320534,tcn_b
video_04,"[""video_01"",""video_02"",""video_03""]",0.06,0.00992788404135922,0.02978365212407766,0.015338917936320534,tcn_b
video_04,"[""video_01"",""video_02"",""video_03""]",0.07,0.00992788404135922,0.02978365212407766,0.015338917936320534,tcn_b
video_04,"[""video_01"",""video_02"",""video_03""]",0.08,0.00992788404135922,0.02978365212407766,0.015338917936320534,tcn_b
video_04,"[""video_01"",""video_02"",""video_03""]",0.09,0.00992788404135922,0.02978365212407766,0.015338917936320534,tcn_b
video_04,"[""video_01"",""video_02"",""video_03""]",0.1,0.00992788404135922,0.02978365212407766,0.015338917936320534,tcn_b
video_04,"[""video_01"",""video_02"",""video_03""]",0.11,0.00992788404135922,0.02978365212407766,0.015338917936320534,tcn_b
video_04,"[""video_01"",""video_02"",""video_03""]",0.12,0.00992788404135922,0.02978365212407766,0.015338917936320534,tcn_b
video_04,"[""video_01"",""video_02"",""video_03""]",0.13,0.00992788404135922,0.02978365212407766,0.015338917936320534,tcn_b
video_04,"[""video_01"",""video_02"",""video_03""]",0.14,0.00992788404135922,0.02978365212407766,0.015338917936320534,tcn_b
video_04,"[""video_01"",""video_02"",""video_03""]",0.15,0.00992788404135922,0.02978365212407766,0.015338917936320534,tcn_b
video_04,"[""video_01"",""video_02"",""video_03""]",0.16,0.00992788404135922,0.02978365212407766,0.015338917936320534,tcn_b
video_04,"[""video_01"",""video_02"",""video_03""]",0.17,0.00992788404135922,0.02978365212407766,0.015338917936320534,tcn_b
video_04,"[""video_01"",""video_02"",""video_03""]",0.18,0.018470385198454477,0.030094294245237643,0.015505643598221411,tcn_b
video_04,"[""video_01"",""video_02"",""video_03""]",0.19,0.05814365092301931,0.03135521885521886,0.016184054742841087,tcn_b
video_04,"[""video_01"",""video_02"",""video_03""]",0.2,0.11644402280471895,0.0335960335960336,0.01750392464678179,tcn_b
video_04,"[""video_01"",""video_02"",""video_03""]",0.21,0.13568956921052142,0.03194264406996655,0.016655105344051357,tcn_b
video_04,"[""video_01"",""video_02"",""video_03""]",0.22,0.17297592002602494,0.03401329638211197,0.01776485788113695,tcn_b
video_04,"[""video_01"",""video_02"",""video_03""]",0.23,0.21047651958291433,0.034322524031749825,0.01792528459195126,tcn_b
video_04,"[""video_01"",""video_02"",""video_03""]",0.24,0.22875390747696192,0.03724532583493661,0.019484316852737906,tcn_b
video_04,"[""video_01"",""video_02"",""video_03""]",0.25,0.3113704921283588,0.03802564041726971,0.01990561990561991,tcn_b
video_04,"[""video_01"",""video_02"",""video_03""]",0.26,0.35506661565478964,0.04134246893508303,0.021666138739309473,tcn_b
video_04,"[""video_01"",""video_02"",""video_03""]",0.27,0.3698993938537718,0.04403183023872679,0.02313147845062739,tcn_b
video_04,"[""video_01"",""video_02"",""video_03""]",0.28,0.3761498230655828,0.04614183982050531,0.02428540726413067,tcn_b
video_04,"[""video_01"",""video_02"",""video_03""]",0.29,0.37736211119084895,0.041782577865052094,0.02197868550553996,tcn_b
video_04,"[""video_01"",""video_02"",""video_03""]",0.3,0.3793850221851161,0.03967525179646392,0.020865708365708367,tcn_b
video_04,"[""video_01"",""video_02"",""video_03""]",0.31,0.3848840986741926,0.04212454212454212,0.022207611951201692,tcn_b
video_04,"[""video_01"",""video_02"",""video_03""]",0.32,0.38272890075788046,0.04377920663363901,0.02311205606740688,tcn_b
video_04,"[""video_01"",""video_02"",""video_03""]",0.33,0.38807445549883385,0.04879720669194354,0.025874193704835347,tcn_b
video_04,"[""video_01"",""video_02"",""video_03""]",0.34,0.3860212200156144,0.03661589072445112,0.019682539682539683,tcn_b
video_04,"[""video_01"",""video_02"",""video_03""]",0.35,0.39485409244889014,0.03166935050993022,0.01727395411605938,tcn_b
video_04,"[""video_01"",""video_02"",""video_03""]",0.36,0.39541833696521417,0.03463203463203463,0.01905137301274471,tcn_b
video_04,"[""video_01"",""video_02"",""video_03""]",0.37,0.3859037581322649,0.012820512820512822,0.006944444444444444,tcn_b
video_04,"[""video_01"",""video_02"",""video_03""]",0.38,0.37817781931023714,0.0,0.0,tcn_b
video_04,"[""video_01"",""video_02"",""video_03""]",0.39,0.3766940882237289,0.0,0.0,tcn_b
video_04,"[""video_01"",""video_02"",""video_03""]",0.4,0.3769797929247873,0.0,0.0,tcn_b
video_04,"[""video_01"",""video_02"",""video_03""]",0.41,0.37534024349361705,0.0,0.0,tcn_b
video_04,"[""video_01"",""video_02"",""video_03""]",0.42,0.3783687053818723,0.0,0.0,tcn_b
video_04,"[""video_01"",""video_02"",""video_03""]",0.43,0.37880501059870353,0.0,0.0,tcn_b
video_04,"[""video_01"",""video_02"",""video_03""]",0.44,0.38338102852878414,0.0,0.0,tcn_b
video_04,"[""video_01"",""video_02"",""video_03""]",0.45,0.3834112172279067,0.0,0.0,tcn_b
video_04,"[""video_01"",""video_02"",""video_03""]",0.46,0.3834112172279067,0.0,0.0,tcn_b
video_04,"[""video_01"",""video_02"",""video_03""]",0.47,0.38357069136194966,0.0,0.0,tcn_b
video_04,"[""video_01"",""video_02"",""video_03""]",0.48,0.3829487071801545,0.0,0.0,tcn_b
video_04,"[""video_01"",""video_02"",""video_03""]",0.49,0.3830597637459086,0.0,0.0,tcn_b
video_04,"[""video_01"",""video_02"",""video_03""]",0.5,0.3830597637459086,0.0,0.0,tcn_b
video_01,"[""video_02"",""video_03"",""video_04""]",0.05,0.002244668911335578,0.006734006734006735,0.003401360544217687,tcn_c
video_01,"[""video_02"",""video_03"",""video_04""]",0.06,0.002244668911335578,0.006734006734006735,0.003401360544217687,tcn_c
video_01,"[""video_02"",""video_03"",""video_04""]",0.07,0.002244668911335578,0.006734006734006735,0.003401360544217687,tcn_c
video_01,"[""video_02"",""video_03"",""video_04""]",0.08,0.017223727792833484,0.007226738934056007,0.0036529680365296802,tcn_c
video_01,"[""video_02"",""video_03"",""video_04""]",0.09,0.06498274156207393,0.010296010296010296,0.00522875816993464,tcn_c
video_01,"[""video_02"",""video_03"",""video_04""]",0.1,0.14433400354725404,0.01288244766505636,0.006568144499178982,tcn_c
video_01,"[""video_02"",""video_03"",""video_04""]",0.11,0.1565999270441273,0.015151515151515152,0.007751937984496124,tcn_c
video_01,"[""video_02"",""video_03"",""video_04""]",0.12,0.16530142659917166,0.016771488469601678,0.008602150537634409,tcn_c
video_01,"[""video_02"",""video_03"",""video_04""]",0.13,0.1695258550698965,0.017777777777777778,0.0091324200913242,tcn_c
video_01,"[""video_02"",""video_03"",""video_04""]",0.14,0.17461207513214524,0.018779342723004695,0.00966183574879227,tcn_c
video_01,"[""video_02"",""video_03"",""video_04""]",0.15,0.23620931481012694,0.0196078431372549,0.010101010101010102,tcn_c
video_01,"[""video_02"",""video_03"",""video_04""]",0.16,0.2559753017940888,0.01990049751243781,0.010256410256410256,tcn_c
video_01,"[""video_02"",""video_03"",""video_04""]",0.17,0.2585166010999432,0.02035623409669211,0.010498687664041995,tcn_c
video_01,"[""video_02"",""video_03"",""video_04""]",0.18,0.26140906199383573,0.020833333333333332,0.01075268817204301,tcn_c
video_01,"[""video_02"",""video_03"",""video_04""]",0.19,0.26376527368323777,0.021333333333333333,0.011019283746556474,tcn_c
video_01,"[""video_02"",""video_03"",""video_04""]",0.2,0.26629091011567835,0.022598870056497175,0.011695906432748537,tcn_c
video_01,"[""video_02"",""video_03"",""video_04""]",0.21,0.267096993812274,0.022792022792022793,0.011799410029498525,tcn_c
video_01,"[""video_02"",""video_03"",""video_04""]",0.22,0.2694578187925504,0.023391812865497075,0.012121212121212121,tcn_c
video_01,"[""video_02"",""video_03"",""video_04""]",0.23,0.2706203042656595,0.02359882005899705,0.012232415902140673,tcn_c
video_01,"[""video_02"",""video_03"",""video_04""]",0.24,0.27144918233278204,0.023809523809523808,0.012345679012345678,tcn_c
video_01,"[""video_02"",""video_03"",""video_04""]",0.25,0.2718734313631021,0.024024024024024024,0.012461059190031152,tcn_c
video_01,"[""video_02"",""video_03"",""video_04""]",0.26,0.27285302641981163,0.024024024024024024,0.012461059190031152,tcn_c
video_01,"[""video_02"",""video_03"",""video_04""]",0.27,0.2735978891929563,0.024024024024024024,0.012461059190031152,tcn_c
video_01,"[""video_02"",""video_03"",""video_04""]",0.28,0.2767146577658194,0.024464831804281346,0.0126984126984127,tcn_c
video_01,"[""video_02"",""video_03"",""video_04""]",0.29,0.28080861636347515,0.024922118380062305,0.012944983818770225,tcn_c
video_01,"[""video_02"",""video_03"",""video_04""]",0.3,0.37275945547054506,0.02693602693602694,0.014035087719298246,tcn_c
video_01,"[""video_02"",""video_03"",""video_04""]",0.31,0.40280146704905834,0.027210884353741496,0.014184397163120567,tcn_c
video_01,"[""video_02"",""video_03"",""video_04""]",0.32,0.41277180490570853,0.027777777777777776,0.014492753623188406,tcn_c
video_01,"[""video_02"",""video_03"",""video_04""]",0.33,0.4143314322859448,0.027777777777777776,0.014492753623188406,tcn_c
video_01,"[""video_02"",""video_03"",""video_04""]",0.34,0.41577215404403534,0.028368794326241134,0.014814814814814815,tcn_c
video_01,"[""video_02"",""video_03"",""video_04""]",0.35,0.4206178103161237,0.028673835125448032,0.0149812734082397,tcn_c
video_01,"[""video_02"",""video_03"",""video_04""]",0.36,0.4198667446330196,0.028985507246376812,0.015151515151515152,tcn_c
video_01,"[""video_02"",""video_03"",""video_04""]",0.37,0.4139418722219419,0.0299625468164794,0.01568627450980392,tcn_c
video_01,"[""video_02"",""video_03"",""video_04""]",0.38,0.4183974633380047,0.030303030303030304,0.015873015873015872,tcn_c
video_01,"[""video_02"",""video_03"",""video_04""]",0.39,0.42386484288182324,0.031746031746031744,0.016666666666666666,tcn_c
video_01,"[""video_02"",""video_03"",""video_04""]",0.4,0.42717030607413703,0.03292181069958847,0.017316017316017316,tcn_c
video_01,"[""video_02"",""video_03"",""video_04""]",0.41,0.42788312122632916,0.03292181069958847,0.017316017316017316,tcn_c
video_01,"[""video_02"",""video_03"",""video_04""]",0.42,0.42656150057559494,0.03375527426160337,0.017777777777777778,tcn_c
video_01,"[""video_02"",""video_03"",""video_04""]",0.43,0.42445635055865877,0.034188034188034185,0.018018018018018018,tcn_c
video_01,"[""video_02"",""video_03"",""video_04""]",0.44,0.42131459519288644,0.02631578947368421,0.013888888888888888,tcn_c
video_01,"[""video_02"",""video_03"",""video_04""]",0.45,0.42797597660424946,0.02666666666666667,0.014084507042253521,tcn_c
video_01,"[""video_02"",""video_03"",""video_04""]",0.46,0.4262727784883767,0.0273972602739726,0.014492753623188406,tcn_c
video_01,"[""video_02"",""video_03"",""video_04""]",0.47,0.42798875683320875,0.027777777777777776,0.014705882352941178,tcn_c
video_01,"[""video_02"",""video_03"",""video_04""]",0.48,0.4277029975920308,0.029411764705882356,0.015625,tcn_c
video_01,"[""video_02"",""video_03"",""video_04""]",0.49,0.42969537618859505,0.031746031746031744,0.01694915254237288,tcn_c
video_01,"[""video_02"",""video_03"",""video_04""]",0.5,0.43169388840191475,0.03389830508474576,0.01818181818181818,tcn_c
video_02,"[""video_01"",""video_03"",""video_04""]",0.05,0.00992788404135922,0.02978365212407766,0.015338917936320534,tcn_c
video_02,"[""video_01"",""video_03"",""video_04""]",0.06,0.00992788404135922,0.02978365212407766,0.015338917936320534,tcn_c
video_02,"[""video_01"",""video_03"",""video_04""]",0.07,0.00992788404135922,0.02978365212407766,0.015338917936320534,tcn_c
video_02,"[""video_01"",""video_03"",""video_04""]",0.08,0.024906942922857125,0.030276384324126927,0.015590525428632526,tcn_c
video_02,"[""video_01"",""video_03"",""video_04""]",0.09,0.07266595669209756,0.03334565568608122,0.017166315562037487,tcn_c
video_02,"[""video_01"",""video_03"",""video_04""]",0.1,0.1520172186772777,0.03593209305512728,0.01850570189128183,tcn_c
video_02,"[""video_01"",""video_03"",""video_04""]",0.11,0.16428314217415096,0.03820116054158607,0.019689495376598972,tcn_c
video_02,"[""video_01"",""video_03"",""video_04""]",0.12,0.17298464172919528,0.0398211338596726,0.020539707929737253,tcn_c
video_02,"[""video_01"",""video_03"",""video_04""]",0.13,0.17720907019992016,0.0408274231678487,0.02106997748342705,tcn_c
video_02,"[""video_01"",""video_03"",""video_04""]",0.14,0.18074670334772827,0.041828988113075616,0.02159939314089512,tcn_c
video_02,"[""video_01"",""video_03"",""video_04""]",0.15,0.18697559182785506,0.042968130648485814,0.022205293155013826,tcn_c
video_02,"[""video_01"",""video_03"",""video_04""]",0.16,0.22090392077819074,0.04767827529021559,0.024749163879598662,tcn_c
video_02,"[""video_01"",""video_03"",""video_04""]",0.17,0.22802999645541375,0.04934174134306892,0.025650202815557147,tcn_c
video_02,"[""video_01"",""video_03"",""video_04""]",0.18,0.23124711867399764,0.04414335664335665,0.022962700382055223,tcn_c
video_02,"[""video_01"",""video_03"",""video_04""]",0.19,0.23565922977618925,0.045314148681055155,0.02359790009875773,tcn_c
video_02,"[""video_01"",""video_03"",""video_04""]",0.2,0.24100833485807915,0.04507078016885672,0.023506930054795778,tcn_c
video_02,"[""video_01"",""video_03"",""video_04""]",0.21,0.24425979963710928,0.043625356125356125,0.02277334692936135,tcn_c
video_02,"[""video_01"",""video_03"",""video_04""]",0.22,0.24975388439182347,0.0450720296676651,0.02356613343737807,tcn_c
video_02,"[""video_01"",""video_03"",""video_04""]",0.23,0.25331474635227547,0.0461023362333993,0.02413717780690258,tcn_c
video_02,"[""video_01"",""video_03"",""video_04""]",0.24,0.2571799727831438,0.0473043843087896,0.024806738202376832,tcn_c
video_02,"[""video_01"",""video_03"",""video_04""]",0.25,0.2598808595203159,0.04289194855232591,0.02251131044631256,tcn_c
video_02,"[""video_01"",""video_03"",""video_04""]",0.26,0.26079812526914115,0.0402052537974868,0.021096637773796265,tcn_c
video_02,"[""video_01"",""video_03"",""video_04""]",0.27,0.2629335964374088,0.040690690690690694,0.021373715161510654,tcn_c
video_02,"[""video_01"",""video_03"",""video_04""]",0.28,0.2656505718236107,0.04173598897181157,0.021957671957671957,tcn_c
video_02,"[""video_01"",""video_03"",""video_04""]",0.29,0.26854765507232115,0.03237090795175691,0.016961048075798336,tcn_c
video_02,"[""video_01"",""video_03"",""video_04""]",0.3,0.3306129835810816,0.034872534872534874,0.01833616298811545,tcn_c
video_02,"[""video_01"",""video_03"",""video_04""]",0.31,0.3565332839673274,0.027210884353741496,0.014184397163120567,tcn_c
video_02,"[""video_01"",""video_03"",""video_04""]",0.32,0.36700891962878185,0.027777777777777776,0.014492753623188406,tcn_c
video_02,"[""video_01"",""video_03"",""video_04""]",0.33,0.3690182089647607,0.027777777777777776,0.014492753623188406,tcn_c
video_02,"[""video_01"",""video_03"",""video_04""]",0.34,0.3689808399241399,0.028368794326241134,0.014814814814814815,tcn_c
video_02,"[""video_01"",""video_03"",""video_04""]",0.35,0.37105247410810477,0.028673835125448032,0.0149812734082397,tcn_c
video_02,"[""video_01"",""video_03"",""video_04""]",0.36,0.37062275379283594,0.028985507246376812,0.015151515151515152,tcn_c
video_02,"[""video_01"",""video_03"",""video_04""]",0.37,0.3640837754456822,0.0299625468164794,0.01568627450980392,tcn_c
video_02,"[""video_01"",""video_03"",""video_04""]",0.38,0.36743964104500515,0.030303030303030304,0.015873015873015872,tcn_c
video_02,"[""video_01"",""video_03"",""video_04""]",0.39,0.3699797029273126,0.031746031746031744,0.016666666666666666,tcn_c
video_02,"[""video_01"",""video_03"",""video_04""]",0.4,0.37146326010214964,0.03292181069958847,0.017316017316017316,tcn_c
video_02,"[""video_01"",""video_03"",""video_04""]",0.41,0.37209622565068257,0.03292181069958847,0.017316017316017316,tcn_c
video_02,"[""video_01"",""video_03"",""video_04""]",0.42,0.3709894782514021,0.03375527426160337,0.017777777777777778,tcn_c
video_02,"[""video_01"",""video_03"",""video_04""]",0.43,0.3691768009845658,0.034188034188034185,0.018018018018018018,tcn_c
video_02,"[""video_01"",""video_03"",""video_04""]",0.44,0.3670187005829258,0.02631578947368421,0.013888888888888888,tcn_c
video_02,"[""video_01"",""video_03"",""video_04""]",0.45,0.37368008199428887,0.02666666666666667,0.014084507042253521,tcn_c
video_02,"[""video_01"",""video_03"",""video_04""]",0.46,0.37214088440803245,0.0273972602739726,0.014492753623188406,tcn_c
video_02,"[""video_01"",""video_03"",""video_04""]",0.47,0.3731910283791649,0.027777777777777776,0.014705882352941178,tcn_c
video_02,"[""video_01"",""video_03"",""video_04""]",0.48,0.372905269137987,0.029411764705882356,0.015625,tcn_c
video_02,"[""video_01"",""video_03"",""video_04""]",0.49,0.3748976477345512,0.031746031746031744,0.01694915254237288,tcn_c
video_02,"[""video_01"",""video_03"",""video_04""]",0.5,0.3768961599478709,0.03389830508474576,0.01818181818181818,tcn_c
video_03,"[""video_01"",""video_02"",""video_04""]",0.05,0.007683215130023641,0.023049645390070924,0.011937557392102846,tcn_c
video_03,"[""video_01"",""video_02"",""video_04""]",0.06,0.007683215130023641,0.023049645390070924,0.011937557392102846,tcn_c
video_03,"[""video_01"",""video_02"",""video_04""]",0.07,0.007683215130023641,0.023049645390070924,0.011937557392102846,tcn_c
video_03,"[""video_01"",""video_02"",""video_04""]",0.08,0.007683215130023641,0.023049645390070924,0.011937557392102846,tcn_c
video_03,"[""video_01"",""video_02"",""video_04""]",0.09,0.010118527154376762,0.023049645390070924,0.011937557392102846,tcn_c
video_03,"[""video_01"",""video_02"",""video_04""]",0.1,0.07364899538151819,0.023049645390070924,0.011937557392102846,tcn_c
video_03,"[""video_01"",""video_02"",""video_04""]",0.11,0.07747864232617287,0.023049645390070924,0.011937557392102846,tcn_c
video_03,"[""video_01"",""video_02"",""video_04""]",0.12,0.08175728920409771,0.023049645390070924,0.011937557392102846,tcn_c
video_03,"[""video_01"",""video_02"",""video_04""]",0.13,0.08367630666715663,0.023049645390070924,0.011937557392102846,tcn_c
video_03,"[""video_01"",""video_02"",""video_04""]",0.14,0.0867246795373417,0.023049645390070924,0.011937557392102846,tcn_c
video_03,"[""video_01"",""video_02"",""video_04""]",0.15,0.15002923983933372,0.02336028751123091,0.012104283054003726,tcn_c
video_03,"[""video_01"",""video_02"",""video_04""]",0.16,0.20198203343379684,0.027777777777777776,0.014492753623188406,tcn_c
video_03,"[""video_01"",""video_02"",""video_04""]",0.17,0.20988129908681097,0.028985507246376812,0.015151515151515152,tcn_c
video_03,"[""video_01"",""video_02"",""video_04""]",0.18,0.21398275678889275,0.023310023310023312,0.01221001221001221,tcn_c
video_03,"[""video_01"",""video_02"",""video_04""]",0.19,0.21897845348058417,0.023980815347721823,0.012578616352201257,tcn_c
video_03,"[""video_01"",""video_02"",""video_04""]",0.2,0.22291029727424636,0.02247191011235955,0.011811023622047244,tcn_c
video_03,"[""video_01"",""video_02"",""video_04""]",0.21,0.22644927884098962,0.020833333333333332,0.010973936899862827,tcn_c
video_03,"[""video_01"",""video_02"",""video_04""]",0.22,0.23180816219231615,0.021680216802168025,0.011444921316165951,tcn_c
video_03,"[""video_01"",""video_02"",""video_04""]",0.23,0.23600841337098896,0.022503516174402247,0.011904761904761904,tcn_c
video_03,"[""video_01"",""video_02"",""video_04""]",0.24,0.24033051039661635,0.023494860499265788,0.012461059190031152,tcn_c
video_03,"[""video_01"",""video_02"",""video_04""]",0.25,0.24269794256876906,0.018867924528301886,0.010050251256281407,tcn_c
video_03,"[""video_01"",""video_02"",""video_04""]",0.26,0.2441355262008302,0.016181229773462782,0.008635578583765112,tcn_c
video_03,"[""video_01"",""video_02"",""video_04""]",0.27,0.24678735092560436,0.016666666666666666,0.008912655971479501,tcn_c
video_03,"[""video_01"",""video_02"",""video_04""]",0.28,0.2515628361786183,0.017271157167530225,0.009259259259259259,tcn_c
video_03,"[""video_01"",""video_02"",""video_04""]",0.29,0.2543728159738899,0.0074487895716946,0.004016064257028113,tcn_c
video_03,"[""video_01"",""video_02"",""video_04""]",0.3,0.28952833188854427,0.007936507936507936,0.004301075268817204,tcn_c
video_03,"[""video_01"",""video_02"",""video_04""]",0.31,0.31880912389571087,0.0,0.0,tcn_c
video_03,"[""video_01"",""video_02"",""video_04""]",0.32,0.3212157449888307,0.0,0.0,tcn_c
video_03,"[""video_01"",""video_02"",""video_04""]",0.33,0.32327056899598455,0.0,0.0,tcn_c
video_03,"[""video_01"",""video_02"",""video_04""]",0.34,0.32856941887203633,0.0,0.0,tcn_c
video_03,"[""video_01"",""video_02"",""video_04""]",0.35,0.3364431318780851,0.0,0.0,tcn_c
video_03,"[""video_01"",""video_02"",""video_04""]",0.36,0.3361264180418053,0.0,0.0,tcn_c
video_03,"[""video_01"",""video_02"",""video_04""]",0.37,0.33762851456235143,0.0,0.0,tcn_c
video_03,"[""video_01"",""video_02"",""video_04""]",0.38,0.3422598947617002,0.0,0.0,tcn_c
video_03,"[""video_01"",""video_02"",""video_04""]",0.39,0.3467395518361967,0.0,0.0,tcn_c
video_03,"[""video_01"",""video_02"",""video_04""]",0.4,0.34957273169517955,0.0,0.0,tcn_c
video_03,"[""video_01"",""video_02"",""video_04""]",0.41,0.3509871380251532,0.0,0.0,tcn_c
video_03,"[""video_01"",""video_02"",""video_04""]",0.42,0.3512560304228997,0.0,0.0,tcn_c
video_03,"[""video_01"",""video_02"",""video_04""]",0.43,0.35090596232982185,0.0,0.0,tcn_c
video_03,"[""video_01"",""video_02"",""video_04""]",0.44,0.35104479071124145,0.0,0.0,tcn_c
video_03,"[""video_01"",""video_02"",""video_04""]",0.45,0.35141637355210414,0.0,0.0,tcn_c
video_03,"[""video_01"",""video_02"",""video_04""]",0.46,0.3512035339072955,0.0,0.0,tcn_c
video_03,"[""video_01"",""video_02"",""video_04""]",0.47,0.35261138635872213,0.0,0.0,tcn_c
video_03,"[""video_01"",""video_02"",""video_04""]",0.48,0.353028270719572,0.0,0.0,tcn_c
video_03,"[""video_01"",""video_02"",""video_04""]",0.49,0.3533518449786523,0.0,0.0,tcn_c
video_03,"[""video_01"",""video_02"",""video_04""]",0.5,0.3539295880408901,0.0,0.0,tcn_c
video_04,"[""video_01"",""video_02"",""video_03""]",0.05,0.00992788404135922,0.02978365212407766,0.015338917936320534,tcn_c
video_04,"[""video_01"",""video_02"",""video_03""]",0.06,0.00992788404135922,0.02978365212407766,0.015338917936320534,tcn_c
video_04,"[""video_01"",""video_02"",""video_03""]",0.07,0.00992788404135922,0.02978365212407766,0.015338917936320534,tcn_c
video_04,"[""video_01"",""video_02"",""video_03""]",0.08,0.024906942922857125,0.030276384324126927,0.015590525428632526,tcn_c
video_04,"[""video_01"",""video_02"",""video_03""]",0.09,0.07023064466774445,0.03334565568608122,0.017166315562037487,tcn_c
video_04,"[""video_01"",""video_02"",""video_03""]",0.1,0.08605143842578315,0.03593209305512728,0.01850570189128183,tcn_c
video_04,"[""video_01"",""video_02"",""video_03""]",0.11,0.09448771497800174,0.03820116054158607,0.019689495376598972,tcn_c
video_04,"[""video_01"",""video_02"",""video_03""]",0.12,0.09891056765512123,0.0398211338596726,0.020539707929737253,tcn_c
video_04,"[""video_01"",""video_02"",""video_03""]",0.13,0.10121597866278718,0.0408274231678487,0.02106997748342705,tcn_c
video_04,"[""video_01"",""video_02"",""video_03""]",0.14,0.10480241276929138,0.041828988113075616,0.02159939314089512,tcn_c
video_04,"[""video_01"",""video_02"",""video_03""]",0.15,0.16816375682579832,0.042968130648485814,0.022205293155013826,tcn_c
video_04,"[""video_01"",""video_02"",""video_03""]",0.16,0.21990200847441863,0.04767827529021559,0.024749163879598662,tcn_c
video_04,"[""video_01"",""video_02"",""video_03""]",0.17,0.2283259931390111,0.04934174134306892,0.025650202815557147,tcn_c
video_04,"[""video_01"",""video_02"",""video_03""]",0.18,0.23271645365298613,0.04414335664335665,0.022962700382055223,tcn_c
video_04,"[""video_01"",""video_02"",""video_03""]",0.19,0.23824272707647162,0.045314148681055155,0.02359790009875773,tcn_c
video_04,"[""video_01"",""video_02"",""video_03""]",0.2,0.2436405448344844,0.04507078016885672,0.023506930054795778,tcn_c
video_04,"[""video_01"",""video_02"",""video_03""]",0.21,0.24743880985566893,0.043625356125356125,0.02277334692936135,tcn_c
video_04,"[""video_01"",""video_02"",""video_03""]",0.22,0.25264491891424035,0.0450720296676651,0.02356613343737807,tcn_c
video_04,"[""video_01"",""video_02"",""video_03""]",0.23,0.25710671822035724,0.0461023362333993,0.02413717780690258,tcn_c
video_04,"[""video_01"",""video_02"",""video_03""]",0.24,0.26126751152414784,0.0473043843087896,0.024806738202376832,tcn_c
video_04,"[""video_01"",""video_02"",""video_03""]",0.25,0.26366763237683494,0.04289194855232591,0.02251131044631256,tcn_c
video_04,"[""video_01"",""video_02"",""video_03""]",0.26,0.2646459388354225,0.0402052537974868,0.021096637773796265,tcn_c
video_04,"[""video_01"",""video_02"",""video_03""]",0.27,0.2670692543435585,0.040690690690690694,0.021373715161510654,tcn_c
video_04,"[""video_01"",""video_02"",""video_03""]",0.28,0.272373868949598,0.04173598897181157,0.021957671957671957,tcn_c
video_04,"[""video_01"",""video_02"",""video_03""]",0.29,0.2720307771376598,0.03237090795175691,0.016961048075798336,tcn_c
video_04,"[""video_01"",""video_02"",""video_03""]",0.3,0.3663471364410052,0.034872534872534874,0.01833616298811545,tcn_c
video_04,"[""video_01"",""video_02"",""video_03""]",0.31,0.36978854983389847,0.027210884353741496,0.014184397163120567,tcn_c
video_04,"[""video_01"",""video_02"",""video_03""]",0.32,0.37984970090557946,0.027777777777777776,0.014492753623188406,tcn_c
video_04,"[""video_01"",""video_02"",""video_03""]",0.33,0.38039043220367214,0.027777777777777776,0.014492753623188406,tcn_c
video_04,"[""video_01"",""video_02"",""video_03""]",0.34,0.38021936868794554,0.028368794326241134,0.014814814814814815,tcn_c
video_04,"[""video_01"",""video_02"",""video_03""]",0.35,0.3806965363851879,0.028673835125448032,0.0149812734082397,tcn_c
video_04,"[""video_01"",""video_02"",""video_03""]",0.36,0.38211926552828385,0.028985507246376812,0.015151515151515152,tcn_c
video_04,"[""video_01"",""video_02"",""video_03""]",0.37,0.3767461670795283,0.0299625468164794,0.01568627450980392,tcn_c
video_04,"[""video_01"",""video_02"",""video_03""]",0.38,0.3790999727707931,0.030303030303030304,0.015873015873015872,tcn_c
video_04,"[""video_01"",""video_02"",""video_03""]",0.39,0.38372626862163517,0.031746031746031744,0.016666666666666666,tcn_c
video_04,"[""video_01"",""video_02"",""video_03""]",0.4,0.3874356744819991,0.03292181069958847,0.017316017316017316,tcn_c
video_04,"[""video_01"",""video_02"",""video_03""]",0.41,0.38891870644122156,0.03292181069958847,0.017316017316017316,tcn_c
video_04,"[""video_01"",""video_02"",""video_03""]",0.42,0.3871133201412871,0.03375527426160337,0.017777777777777778,tcn_c
video_04,"[""video_01"",""video_02"",""video_03""]",0.43,0.3850657654673289,0.034188034188034185,0.018018018018018018,tcn_c
video_04,"[""video_01"",""video_02"",""video_03""]",0.44,0.38288493203012797,0.02631578947368421,0.013888888888888888,tcn_c
video_04,"[""video_01"",""video_02"",""video_03""]",0.45,0.3891747306006283,0.02666666666666667,0.014084507042253521,tcn_c
video_04,"[""video_01"",""video_02"",""video_03""]",0.46,0.38752037159994773,0.0273972602739726,0.014492753623188406,tcn_c
video_04,"[""video_01"",""video_02"",""video_03""]",0.47,0.3884943318670526,0.027777777777777776,0.014705882352941178,tcn_c
video_04,"[""video_01"",""video_02"",""video_03""]",0.48,0.3877916882650248,0.029411764705882356,0.015625,tcn_c
video_04,"[""video_01"",""video_02"",""video_03""]",0.49,0.38946049260250876,0.031746031746031744,0.01694915254237288,tcn_c
video_04,"[""video_01"",""video_02"",""video_03""]",0.5,0.39088126175359067,0.03389830508474576,0.01818181818181818,tcn_c
