configuration_id,epoch,fold,generation,learning_rate,model,representation,run_id,seed,training_accuracy,training_loss,training_macro_f1,validation_accuracy,validation_loss,validation_macro_f1,window_size_frames
g4_d_augmentation_w60,1,1,G4,0.001,lstm,R0,G4__g4_d_augmentation_w60__lstm__r0__w60__fold_1__seed_42,42,0.3823854224185533,1.0664289056234502,0.2559113286617308,0.7805084745762711,1.02839189505173,0.407300900158043,60
g4_d_augmentation_w60,2,1,G4,0.001,lstm,R0,G4__g4_d_augmentation_w60__lstm__r0__w60__fold_1__seed_42,42,0.8155715074544451,0.999939336558194,0.4943987166526105,0.7932203389830509,0.9493644029407178,0.4070507683266138,60
g4_d_augmentation_w60,3,1,G4,0.001,lstm,R0,G4__g4_d_augmentation_w60__lstm__r0__w60__fold_1__seed_42,42,0.8268912203202651,0.9133973509353014,0.4990086065121612,0.8,0.8326275356745316,0.4110994718633196,60
g4_d_augmentation_w60,4,1,G4,0.001,lstm,R0,G4__g4_d_augmentation_w60__lstm__r0__w60__fold_1__seed_42,42,0.8296521258972943,0.7823446550664159,0.49970955493929203,0.8084745762711865,0.6507982175228959,0.4141083730177077,60
g4_d_augmentation_w60,5,1,G4,0.001,lstm,R0,G4__g4_d_augmentation_w60__lstm__r0__w60__fold_1__seed_42,42,0.8290999447818884,0.6003596417848607,0.4974212018215231,0.8152542372881356,0.49074737995357837,0.4146379889716514,60
g4_d_augmentation_w60,6,1,G4,0.001,lstm,R0,G4__g4_d_augmentation_w60__lstm__r0__w60__fold_1__seed_42,42,0.8326891220320265,0.5075409486108166,0.49693567607495953,0.8279661016949152,0.4567395227945457,0.42028737123195414,60
g4_d_augmentation_w60,7,1,G4,0.001,lstm,R0,G4__g4_d_augmentation_w60__lstm__r0__w60__fold_1__seed_42,42,0.8255107675317505,0.4941821782250618,0.48182605864419276,0.8288135593220339,0.44450463682918223,0.4208536982730531,60
g4_d_augmentation_w60,8,1,G4,0.001,lstm,R0,G4__g4_d_augmentation_w60__lstm__r0__w60__fold_1__seed_42,42,0.834621755935947,0.4778813440321823,0.5000039772501292,0.8127118644067797,0.43750289668471126,0.41429566664451123,60
g4_d_augmentation_w60,9,1,G4,0.001,lstm,R0,G4__g4_d_augmentation_w60__lstm__r0__w60__fold_1__seed_42,42,0.8357261181667587,0.4562658583143678,0.5034857906456129,0.809322033898305,0.43247670410043104,0.4134145424468005,60
g4_d_augmentation_w60,10,1,G4,0.001,lstm,R0,G4__g4_d_augmentation_w60__lstm__r0__w60__fold_1__seed_42,42,0.83489784649365,0.4507064199427884,0.5026283143254439,0.809322033898305,0.42751014909501805,0.4146372195887084,60
g4_d_augmentation_w60,11,1,G4,0.001,lstm,R0,G4__g4_d_augmentation_w60__lstm__r0__w60__fold_1__seed_42,42,0.8321369409166206,0.45031718142055005,0.49920149519373824,0.809322033898305,0.4206547114808681,0.4134145424468005,60
g4_d_augmentation_w60,12,1,G4,0.0005,lstm,R0,G4__g4_d_augmentation_w60__lstm__r0__w60__fold_1__seed_42,42,0.8321369409166206,0.4454756463219091,0.49714688623624226,0.8084745762711865,0.42113497509794723,0.4141083730177077,60
g4_d_augmentation_w60,13,1,G4,0.0005,lstm,R0,G4__g4_d_augmentation_w60__lstm__r0__w60__fold_1__seed_42,42,0.8329652125897294,0.44798145032205483,0.499636468228605,0.8084745762711865,0.42301403102228197,0.4165063882401429,60
g4_d_augmentation_w60,14,1,G4,0.0005,lstm,R0,G4__g4_d_augmentation_w60__lstm__r0__w60__fold_1__seed_42,42,0.8343456653782441,0.4429796851023596,0.5019744483159118,0.809322033898305,0.42700236864009145,0.41938363966626646,60
g4_d_augmentation_w60,15,1,G4,0.0005,lstm,R0,G4__g4_d_augmentation_w60__lstm__r0__w60__fold_1__seed_42,42,0.8324130314743236,0.44226160699790645,0.501621765167283,0.8084745762711865,0.42667712013600234,0.41884791024012585,60
g4_d_augmentation_w60,16,1,G4,0.00025,lstm,R0,G4__g4_d_augmentation_w60__lstm__r0__w60__fold_1__seed_42,42,0.8337934842628382,0.4431287932962031,0.5023095101150123,0.8084745762711865,0.42669486524695055,0.41884791024012585,60
g4_d_augmentation_w60,17,1,G4,0.00025,lstm,R0,G4__g4_d_augmentation_w60__lstm__r0__w60__fold_1__seed_42,42,0.8332413031474324,0.43983236007898435,0.50165946742018,0.8076271186440678,0.4273137494669122,0.4183139832272366,60
g4_d_augmentation_w60,18,1,G4,0.00025,lstm,R0,G4__g4_d_augmentation_w60__lstm__r0__w60__fold_1__seed_42,42,0.8337934842628382,0.4378986332970782,0.5031056990202281,0.8076271186440678,0.4275555633892447,0.4183139832272366,60
g4_d_augmentation_w60,19,1,G4,0.00025,lstm,R0,G4__g4_d_augmentation_w60__lstm__r0__w60__fold_1__seed_42,42,0.8357261181667587,0.4414444589470053,0.5048460958640195,0.8076271186440678,0.42808227619882355,0.4183139832272366,60
g4_d_augmentation_w60,20,1,G4,0.000125,lstm,R0,G4__g4_d_augmentation_w60__lstm__r0__w60__fold_1__seed_42,42,0.8318608503589178,0.4402519498228171,0.5006563397854374,0.8076271186440678,0.4286307142952741,0.4183139832272366,60
g4_d_augmentation_w60,21,1,G4,0.000125,lstm,R0,G4__g4_d_augmentation_w60__lstm__r0__w60__fold_1__seed_42,42,0.8368304803975704,0.44153778435182073,0.506823904365165,0.8076271186440678,0.42913859850269254,0.4183139832272366,60
g4_d_augmentation_w60,1,1,G4,0.001,tcn,R0,G4__g4_d_augmentation_w60__tcn__r0__w60__fold_1__seed_42,42,0.21645499723909442,1.057298765499772,0.12275760886850623,0.5567796610169492,0.9161927265635992,0.3216838092471704,60
g4_d_augmentation_w60,2,1,G4,0.001,tcn,R0,G4__g4_d_augmentation_w60__tcn__r0__w60__fold_1__seed_42,42,0.7730535615681944,0.8026321597154598,0.4221398114939259,0.8593220338983051,0.586158004251577,0.3081130355515041,60
g4_d_augmentation_w60,3,1,G4,0.001,tcn,R0,G4__g4_d_augmentation_w60__tcn__r0__w60__fold_1__seed_42,42,0.781888459414688,0.5776182486002515,0.2925317632475984,0.8593220338983051,0.4102648726964401,0.3081130355515041,60
g4_d_augmentation_w60,4,1,G4,0.001,tcn,R0,G4__g4_d_augmentation_w60__tcn__r0__w60__fold_1__seed_42,42,0.823302043070127,0.45288400803726064,0.4608471715460629,0.8186440677966101,0.4501597268096471,0.42772435156502847,60
g4_d_augmentation_w60,5,1,G4,0.001,tcn,R0,G4__g4_d_augmentation_w60__tcn__r0__w60__fold_1__seed_42,42,0.8371065709552733,0.44843738591519594,0.5055142890335707,0.8084745762711865,0.46688340882123525,0.4222583850144372,60
g4_d_augmentation_w60,6,1,G4,0.001,tcn,R0,G4__g4_d_augmentation_w60__tcn__r0__w60__fold_1__seed_42,42,0.8373826615129762,0.44196781904443333,0.5061193602060943,0.8169491525423729,0.4426885328050387,0.42774495886187053,60
g4_d_augmentation_w60,7,1,G4,0.001,tcn,R0,G4__g4_d_augmentation_w60__tcn__r0__w60__fold_1__seed_42,42,0.8379348426283821,0.4252558895101342,0.5054102302958347,0.8245762711864407,0.42936572089033614,0.4317000365959586,60
g4_d_augmentation_w60,8,1,G4,0.001,tcn,R0,G4__g4_d_augmentation_w60__tcn__r0__w60__fold_1__seed_42,42,0.8390392048591938,0.4193946592949952,0.5047715993336533,0.8338983050847457,0.4162099808959638,0.43210887730619674,60
g4_d_augmentation_w60,9,1,G4,0.001,tcn,R0,G4__g4_d_augmentation_w60__tcn__r0__w60__fold_1__seed_42,42,0.8426283821093319,0.4190450700720919,0.5049213728191001,0.8313559322033899,0.41486891366667666,0.42653034309731613,60
g4_d_augmentation_w60,10,1,G4,0.001,tcn,R0,G4__g4_d_augmentation_w60__tcn__r0__w60__fold_1__seed_42,42,0.8423522915516289,0.4160586044249911,0.5046339391298175,0.8305084745762712,0.4218823430901867,0.4297560576293386,60
g4_d_augmentation_w60,11,1,G4,0.001,tcn,R0,G4__g4_d_augmentation_w60__tcn__r0__w60__fold_1__seed_42,42,0.8426283821093319,0.4120740662583457,0.5066195102781955,0.8279661016949152,0.4247634609877053,0.43284820906841714,60
g4_d_augmentation_w60,12,1,G4,0.001,tcn,R0,G4__g4_d_augmentation_w60__tcn__r0__w60__fold_1__seed_42,42,0.8390392048591938,0.40913749847011893,0.5046059600986057,0.8203389830508474,0.4298531995991529,0.42884990253411304,60
g4_d_augmentation_w60,13,1,G4,0.001,tcn,R0,G4__g4_d_augmentation_w60__tcn__r0__w60__fold_1__seed_42,42,0.8390392048591938,0.4063478356431954,0.5060638744969221,0.8161016949152542,0.43277636917970946,0.42718774642143137,60
g4_d_augmentation_w60,14,1,G4,0.001,tcn,R0,G4__g4_d_augmentation_w60__tcn__r0__w60__fold_1__seed_42,42,0.8376587520706792,0.4041027886343555,0.5050458123628855,0.8186440677966101,0.427402768599785,0.42772435156502847,60
g4_d_augmentation_w60,15,1,G4,0.001,tcn,R0,G4__g4_d_augmentation_w60__tcn__r0__w60__fold_1__seed_42,42,0.8387631143014909,0.4014137443556172,0.5048967236467237,0.823728813559322,0.4244680366273654,0.42996228194248,60
g4_d_augmentation_w60,16,1,G4,0.0005,tcn,R0,G4__g4_d_augmentation_w60__tcn__r0__w60__fold_1__seed_42,42,0.8387631143014909,0.4013596802933449,0.5047320258691826,0.823728813559322,0.4254683547100778,0.42996228194248,60
g4_d_augmentation_w60,17,1,G4,0.0005,tcn,R0,G4__g4_d_augmentation_w60__tcn__r0__w60__fold_1__seed_42,42,0.8404196576477084,0.3996248491754327,0.5059629172701103,0.8279661016949152,0.42102778998471924,0.43284820906841714,60
g4_d_augmentation_w60,18,1,G4,0.0005,tcn,R0,G4__g4_d_augmentation_w60__tcn__r0__w60__fold_1__seed_42,42,0.8423522915516289,0.40007063310360924,0.5070773329666212,0.826271186440678,0.4227395392070382,0.43168724829624483,60
g4_d_augmentation_w60,19,1,G4,0.0005,tcn,R0,G4__g4_d_augmentation_w60__tcn__r0__w60__fold_1__seed_42,42,0.8401435670900055,0.39794313534065745,0.5057573354404651,0.8203389830508474,0.4283425267470085,0.42769218798630565,60
g4_d_augmentation_w60,20,1,G4,0.00025,tcn,R0,G4__g4_d_augmentation_w60__tcn__r0__w60__fold_1__seed_42,42,0.8409718387631143,0.39762106045776147,0.5071911884411885,0.8194915254237288,0.42843892968307107,0.42712985938792397,60
g4_d_augmentation_w60,21,1,G4,0.00025,tcn,R0,G4__g4_d_augmentation_w60__tcn__r0__w60__fold_1__seed_42,42,0.8412479293208173,0.39648292893734116,0.5072347478398181,0.8220338983050848,0.4277165310867762,0.428823038413646,60
g4_d_augmentation_w60,22,1,G4,0.00025,tcn,R0,G4__g4_d_augmentation_w60__tcn__r0__w60__fold_1__seed_42,42,0.8409718387631143,0.39489539954163366,0.5067027083059233,0.8211864406779661,0.4282260061320612,0.4282565742808546,60
g4_d_augmentation_w60,1,2,G4,0.001,lstm,R0,G4__g4_d_augmentation_w60__lstm__r0__w60__fold_2__seed_42,42,0.45488081725312146,1.0639987830812625,0.30166471477216944,0.7195225916453538,1.0319114498673396,0.3338749042452746,60
g4_d_augmentation_w60,2,2,G4,0.001,lstm,R0,G4__g4_d_augmentation_w60__lstm__r0__w60__fold_2__seed_42,42,0.7622020431328036,1.0083221207276647,0.5055014937986338,0.7374254049445865,0.9508163845650883,0.3352569316608873,60
g4_d_augmentation_w60,3,2,G4,0.001,lstm,R0,G4__g4_d_augmentation_w60__lstm__r0__w60__fold_2__seed_42,42,0.7766742338251986,0.9376528307068226,0.5132773324042856,0.7468030690537084,0.8317856543712502,0.3390810503456166,60
g4_d_augmentation_w60,4,2,G4,0.001,lstm,R0,G4__g4_d_augmentation_w60__lstm__r0__w60__fold_2__seed_42,42,0.7678774120317821,0.8290466953758214,0.5051728956810329,0.7510656436487638,0.6551410621897542,0.34086593654539027,60
g4_d_augmentation_w60,5,2,G4,0.001,lstm,R0,G4__g4_d_augmentation_w60__lstm__r0__w60__fold_2__seed_42,42,0.7687287173666288,0.6925014218190741,0.5047589010372863,0.7621483375959079,0.5018568640068263,0.3438926490203542,60
g4_d_augmentation_w60,6,2,G4,0.001,lstm,R0,G4__g4_d_augmentation_w60__lstm__r0__w60__fold_2__seed_42,42,0.7712826333711691,0.6242867066153874,0.5064032214216109,0.7655583972719523,0.46746810592348925,0.3470341795254687,60
g4_d_augmentation_w60,7,2,G4,0.001,lstm,R0,G4__g4_d_augmentation_w60__lstm__r0__w60__fold_2__seed_42,42,0.7778093076049943,0.6100818047999794,0.5119357968080308,0.7647058823529411,0.4873430892024809,0.34832345070053,60
g4_d_augmentation_w60,8,2,G4,0.001,lstm,R0,G4__g4_d_augmentation_w60__lstm__r0__w60__fold_2__seed_42,42,0.7809307604994324,0.5952271649298955,0.5152941878505789,0.7604433077578857,0.4904767482177071,0.3464305977710233,60
g4_d_augmentation_w60,9,2,G4,0.001,lstm,R0,G4__g4_d_augmentation_w60__lstm__r0__w60__fold_2__seed_42,42,0.7837684449489217,0.5821270567199023,0.5171808504549592,0.7664109121909634,0.4826066971892286,0.35081791215201497,60
g4_d_augmentation_w60,10,2,G4,0.001,lstm,R0,G4__g4_d_augmentation_w60__lstm__r0__w60__fold_2__seed_42,42,0.7911464245175936,0.5755370858714204,0.521203417695198,0.8175618073316283,0.47966046297235154,0.37475624129433194,60
g4_d_augmentation_w60,11,2,G4,0.001,lstm,R0,G4__g4_d_augmentation_w60__lstm__r0__w60__fold_2__seed_42,42,0.7968217934165721,0.5774480865572692,0.524488005411154,0.8303495311167945,0.4760996097951289,0.3841939013782025,60
g4_d_augmentation_w60,12,2,G4,0.001,lstm,R0,G4__g4_d_augmentation_w60__lstm__r0__w60__fold_2__seed_42,42,0.800794551645857,0.5684740928326237,0.5269528792065339,0.8294970161977835,0.4740695819728718,0.3836787677205276,60
g4_d_augmentation_w60,13,2,G4,0.001,lstm,R0,G4__g4_d_augmentation_w60__lstm__r0__w60__fold_2__seed_42,42,0.8039160045402951,0.5650308137584085,0.529250618998086,0.8294970161977835,0.4683700017916882,0.3856973115541802,60
g4_d_augmentation_w60,14,2,G4,0.001,lstm,R0,G4__g4_d_augmentation_w60__lstm__r0__w60__fold_2__seed_42,42,0.8030646992054483,0.5610835063741643,0.5286181477218151,0.8277919863597613,0.4624348112079493,0.38663757594480486,60
g4_d_augmentation_w60,15,2,G4,0.001,lstm,R0,G4__g4_d_augmentation_w60__lstm__r0__w60__fold_2__seed_42,42,0.8056186152099887,0.5587318607275116,0.5306890849766248,0.8226768968456948,0.4673573774653221,0.38356369870352514,60
g4_d_augmentation_w60,16,2,G4,0.001,lstm,R0,G4__g4_d_augmentation_w60__lstm__r0__w60__fold_2__seed_42,42,0.8050510783200908,0.5532607030246098,0.5309381986460923,0.8167092924126172,0.4757681565973765,0.38008644259544444,60
g4_d_augmentation_w60,17,2,G4,0.001,lstm,R0,G4__g4_d_augmentation_w60__lstm__r0__w60__fold_2__seed_42,42,0.8084562996594779,0.5424544095451796,0.5336345607688808,0.803921568627451,0.47862754936210133,0.3765627316874259,60
g4_d_augmentation_w60,18,2,G4,0.001,lstm,R0,G4__g4_d_augmentation_w60__lstm__r0__w60__fold_2__seed_42,42,0.8095913734392736,0.5405425771681864,0.5355622125066719,0.7749360613810742,0.505310422166839,0.3663518304766396,60
g4_d_augmentation_w60,19,2,G4,0.0005,lstm,R0,G4__g4_d_augmentation_w60__lstm__r0__w60__fold_2__seed_42,42,0.8098751418842225,0.5343899902772417,0.5373171586405684,0.7809036658141517,0.500146421096514,0.37094539501677914,60
g4_d_augmentation_w60,20,2,G4,0.0005,lstm,R0,G4__g4_d_augmentation_w60__lstm__r0__w60__fold_2__seed_42,42,0.8118615209988649,0.5313259452479923,0.5375844550697203,0.7988064791133845,0.4784204831310347,0.37720762556107496,60
g4_d_augmentation_w60,21,2,G4,0.0005,lstm,R0,G4__g4_d_augmentation_w60__lstm__r0__w60__fold_2__seed_42,42,0.8146992054483542,0.5302500641576007,0.5390139238306778,0.80306905370844,0.4826481942427229,0.38125487687589593,60
g4_d_augmentation_w60,22,2,G4,0.0005,lstm,R0,G4__g4_d_augmentation_w60__lstm__r0__w60__fold_2__seed_42,42,0.8144154370034052,0.5275745203086385,0.5390062902327065,0.7860187553282183,0.5202954916596311,0.3720212658856894,60
g4_d_augmentation_w60,23,2,G4,0.00025,lstm,R0,G4__g4_d_augmentation_w60__lstm__r0__w60__fold_2__seed_42,42,0.8161180476730987,0.5284592624960909,0.5405965921682107,0.7962489343563512,0.4985694995265889,0.3774799147401213,60
g4_d_augmentation_w60,24,2,G4,0.00025,lstm,R0,G4__g4_d_augmentation_w60__lstm__r0__w60__fold_2__seed_42,42,0.8166855845629966,0.5261269719863182,0.5406209787358738,0.803921568627451,0.4856730757212903,0.38173501645468394,60
g4_d_augmentation_w60,25,2,G4,0.00025,lstm,R0,G4__g4_d_augmentation_w60__lstm__r0__w60__fold_2__seed_42,42,0.8161180476730987,0.5259211902991867,0.5400963116587293,0.7996589940323956,0.48528880986106365,0.3793529745372705,60
g4_d_augmentation_w60,26,2,G4,0.00025,lstm,R0,G4__g4_d_augmentation_w60__lstm__r0__w60__fold_2__seed_42,42,0.8178206583427923,0.5255839453585167,0.5413898509918292,0.7962489343563512,0.4925746005107883,0.3774799147401213,60
g4_d_augmentation_w60,27,2,G4,0.000125,lstm,R0,G4__g4_d_augmentation_w60__lstm__r0__w60__fold_2__seed_42,42,0.8175368898978433,0.5219573743903542,0.5413219854092735,0.7953964194373402,0.4950880752804944,0.37701600431259225,60
g4_d_augmentation_w60,28,2,G4,0.000125,lstm,R0,G4__g4_d_augmentation_w60__lstm__r0__w60__fold_2__seed_42,42,0.8158342792281499,0.5225668981857386,0.5402973772629256,0.7953964194373402,0.4939675342548839,0.37701600431259225,60
g4_d_augmentation_w60,29,2,G4,0.000125,lstm,R0,G4__g4_d_augmentation_w60__lstm__r0__w60__fold_2__seed_42,42,0.8181044267877412,0.5230965408645613,0.5416906156584979,0.7979539641943734,0.49009723919431875,0.37841292127006415,60
g4_d_augmentation_w60,1,2,G4,0.001,tcn,R0,G4__g4_d_augmentation_w60__tcn__r0__w60__fold_2__seed_42,42,0.31753688989784334,1.0356079503031241,0.16389881763690128,0.443307757885763,0.9370853947658165,0.25235369221011933,60
g4_d_augmentation_w60,2,2,G4,0.001,tcn,R0,G4__g4_d_augmentation_w60__tcn__r0__w60__fold_2__seed_42,42,0.7369466515323496,0.8252846160893001,0.48603082518921753,0.8618925831202046,0.5860278273075946,0.39095398886107385,60
g4_d_augmentation_w60,3,2,G4,0.001,tcn,R0,G4__g4_d_augmentation_w60__tcn__r0__w60__fold_2__seed_42,42,0.7664585698070374,0.684038072655339,0.4888289584132264,0.8508098891730606,0.4435543440542766,0.38595878818651097,60
g4_d_augmentation_w60,4,2,G4,0.001,tcn,R0,G4__g4_d_augmentation_w60__tcn__r0__w60__fold_2__seed_42,42,0.7931328036322361,0.5962242638009361,0.5184996733681629,0.7877237851662404,0.4886637471317737,0.3592937714565964,60
g4_d_augmentation_w60,5,2,G4,0.001,tcn,R0,G4__g4_d_augmentation_w60__tcn__r0__w60__fold_2__seed_42,42,0.7979568671963677,0.5636180938305027,0.5260846932420691,0.7885763000852515,0.47829485894875556,0.3578907973212935,60
g4_d_augmentation_w60,6,2,G4,0.001,tcn,R0,G4__g4_d_augmentation_w60__tcn__r0__w60__fold_2__seed_42,42,0.8027809307604994,0.5491425939640041,0.5293733678982081,0.815004262574595,0.48156582176024754,0.3733419673927012,60
g4_d_augmentation_w60,7,2,G4,0.0005,tcn,R0,G4__g4_d_augmentation_w60__tcn__r0__w60__fold_2__seed_42,42,0.8022133938706016,0.5477512184864547,0.5285327795335663,0.8252344416027281,0.4813371072543145,0.3791188704013781,60
g4_d_augmentation_w60,8,2,G4,0.0005,tcn,R0,G4__g4_d_augmentation_w60__tcn__r0__w60__fold_2__seed_42,42,0.8024971623155505,0.5451492749061542,0.5284464375205872,0.8286445012787724,0.4625252742901483,0.3811196426520729,60
g4_d_augmentation_w60,9,2,G4,0.0005,tcn,R0,G4__g4_d_augmentation_w60__tcn__r0__w60__fold_2__seed_42,42,0.8019296254256527,0.5415510303857783,0.5278387768291681,0.8277919863597613,0.46110676403037526,0.3806156925719441,60
g4_d_augmentation_w60,10,2,G4,0.0005,tcn,R0,G4__g4_d_augmentation_w60__tcn__r0__w60__fold_2__seed_42,42,0.8033484676503972,0.5380325561619779,0.5291829630412791,0.8277919863597613,0.47258988050751877,0.3826563254860485,60
g4_d_augmentation_w60,11,2,G4,0.00025,tcn,R0,G4__g4_d_augmentation_w60__tcn__r0__w60__fold_2__seed_42,42,0.804483541430193,0.5361693577246823,0.530153149197757,0.8269394714407502,0.47416300760409,0.38214894870984234,60
g4_d_augmentation_w60,12,2,G4,0.00025,tcn,R0,G4__g4_d_augmentation_w60__tcn__r0__w60__fold_2__seed_42,42,0.8061861520998865,0.534472978751045,0.5315298642886471,0.8269394714407502,0.4711339877186326,0.38214894870984234,60
g4_d_augmentation_w60,13,2,G4,0.00025,tcn,R0,G4__g4_d_augmentation_w60__tcn__r0__w60__fold_2__seed_42,42,0.8059023836549376,0.5335083160037756,0.5311372099412134,0.8286445012787724,0.4636108206310337,0.38316625388214015,60
g4_d_augmentation_w60,14,2,G4,0.00025,tcn,R0,G4__g4_d_augmentation_w60__tcn__r0__w60__fold_2__seed_42,42,0.804483541430193,0.5332043619486043,0.5298632784644144,0.8286445012787724,0.4577610703583772,0.38316625388214015,60
g4_d_augmentation_w60,15,2,G4,0.000125,tcn,R0,G4__g4_d_augmentation_w60__tcn__r0__w60__fold_2__seed_42,42,0.8050510783200908,0.5318035516511569,0.5301118840594663,0.8286445012787724,0.45737097635293555,0.38316625388214015,60
g4_d_augmentation_w60,16,2,G4,0.000125,tcn,R0,G4__g4_d_augmentation_w60__tcn__r0__w60__fold_2__seed_42,42,0.8059023836549376,0.5304073478252744,0.5309585799871508,0.8286445012787724,0.4586163688346248,0.38316625388214015,60
g4_d_augmentation_w60,17,2,G4,0.000125,tcn,R0,G4__g4_d_augmentation_w60__tcn__r0__w60__fold_2__seed_42,42,0.8050510783200908,0.5305584545979841,0.5301118840594663,0.8286445012787724,0.4587348734885327,0.38316625388214015,60
g4_d_augmentation_w60,1,3,G4,0.001,lstm,R0,G4__g4_d_augmentation_w60__lstm__r0__w60__fold_3__seed_42,42,0.49713431348118614,1.0567542654957642,0.3308132048777756,0.6394439617723718,1.0395796290695098,0.3360121127416725,60
g4_d_augmentation_w60,2,3,G4,0.001,lstm,R0,G4__g4_d_augmentation_w60__lstm__r0__w60__fold_3__seed_42,42,0.787690007475704,0.9993574322978072,0.5209651409588468,0.6611642050390965,0.9725854051931333,0.3421000711595459,60
g4_d_augmentation_w60,3,3,G4,0.001,lstm,R0,G4__g4_d_augmentation_w60__lstm__r0__w60__fold_3__seed_42,42,0.8053825068527286,0.9226450841087609,0.5315169882780975,0.6698523023457863,0.8778995704795877,0.3431324280685037,60
g4_d_augmentation_w60,4,3,G4,0.001,lstm,R0,G4__g4_d_augmentation_w60__lstm__r0__w60__fold_3__seed_42,42,0.807126837777224,0.8106579609621858,0.5322821076213864,0.6741963509991312,0.7453676942739147,0.34506137563718653,60
g4_d_augmentation_w60,5,3,G4,0.001,lstm,R0,G4__g4_d_augmentation_w60__lstm__r0__w60__fold_3__seed_42,42,0.8068776476451532,0.670046925648709,0.5314062555481739,0.684622067767159,0.6521104275144566,0.3517014452913491,60
g4_d_augmentation_w60,6,3,G4,0.001,lstm,R0,G4__g4_d_augmentation_w60__lstm__r0__w60__fold_3__seed_42,42,0.810366309494144,0.5804611049237882,0.5340829718360873,0.6880973066898349,0.6672631596659289,0.35130938713028265,60
g4_d_augmentation_w60,7,3,G4,0.001,lstm,R0,G4__g4_d_augmentation_w60__lstm__r0__w60__fold_3__seed_42,42,0.8141041614752056,0.5575080589258311,0.5367856415363376,0.6941789748045178,0.6937770767640694,0.3561238445576307,60
g4_d_augmentation_w60,8,3,G4,0.001,lstm,R0,G4__g4_d_augmentation_w60__lstm__r0__w60__fold_3__seed_42,42,0.8163468726638425,0.5457441962600021,0.5382573482891296,0.7028670721112077,0.6397398574185517,0.3571371989860583,60
g4_d_augmentation_w60,9,3,G4,0.001,lstm,R0,G4__g4_d_augmentation_w60__lstm__r0__w60__fold_3__seed_42,42,0.8253177174183902,0.5298300948622456,0.5430339339519198,0.7662901824500434,0.5711202218830844,0.38810553078484183,60
g4_d_augmentation_w60,10,3,G4,0.001,lstm,R0,G4__g4_d_augmentation_w60__lstm__r0__w60__fold_3__seed_42,42,0.8325442312484426,0.5233997879050897,0.5472261646361264,0.7654213727193745,0.6025903938025832,0.3888353303034477,60
g4_d_augmentation_w60,11,3,G4,0.001,lstm,R0,G4__g4_d_augmentation_w60__lstm__r0__w60__fold_3__seed_42,42,0.8335409917767257,0.5156318603564818,0.5479883152535883,0.7662901824500434,0.6247528890337144,0.3916793491666783,60
g4_d_augmentation_w60,12,3,G4,0.001,lstm,R0,G4__g4_d_augmentation_w60__lstm__r0__w60__fold_3__seed_42,42,0.8335409917767257,0.5180663941523217,0.5478036454293435,0.7680278019113814,0.6010480226639765,0.3914595157951073,60
g4_d_augmentation_w60,13,3,G4,0.001,lstm,R0,G4__g4_d_augmentation_w60__lstm__r0__w60__fold_3__seed_42,42,0.8337901819087964,0.5161629833992122,0.5479962721342032,0.7680278019113814,0.5842463330379473,0.3914595157951073,60
g4_d_augmentation_w60,14,3,G4,0.001,lstm,R0,G4__g4_d_augmentation_w60__lstm__r0__w60__fold_3__seed_42,42,0.8337901819087964,0.5143817114081431,0.5479586961759845,0.7671589921807124,0.5864227585280904,0.3909798597858094,60
g4_d_augmentation_w60,15,3,G4,0.001,lstm,R0,G4__g4_d_augmentation_w60__lstm__r0__w60__fold_3__seed_42,42,0.8335409917767257,0.5108481982744694,0.5479391383350515,0.7671589921807124,0.5954806182459061,0.3921597161199326,60
g4_d_augmentation_w60,16,3,G4,0.001,lstm,R0,G4__g4_d_augmentation_w60__lstm__r0__w60__fold_3__seed_42,42,0.8335409917767257,0.5091768934962579,0.548043470190678,0.7671589921807124,0.5995543322337389,0.3933263671194706,60
g4_d_augmentation_w60,17,3,G4,0.001,lstm,R0,G4__g4_d_augmentation_w60__lstm__r0__w60__fold_3__seed_42,42,0.8327934213805134,0.5123795633627357,0.5474069343829823,0.7671589921807124,0.5977511714325067,0.39448002101298885,60
g4_d_augmentation_w60,18,3,G4,0.001,lstm,R0,G4__g4_d_augmentation_w60__lstm__r0__w60__fold_3__seed_42,42,0.8335409917767257,0.5091268980618935,0.5480373831775701,0.7697654213727194,0.5784749828868074,0.39360872075827785,60
g4_d_augmentation_w60,19,3,G4,0.001,lstm,R0,G4__g4_d_augmentation_w60__lstm__r0__w60__fold_3__seed_42,42,0.8350361325691502,0.5068019261509885,0.5489405008514892,0.7636837532580365,0.590245808626029,0.39140477144317504,60
g4_d_augmentation_w60,20,3,G4,0.001,lstm,R0,G4__g4_d_augmentation_w60__lstm__r0__w60__fold_3__seed_42,42,0.8347869424370795,0.5051128554902646,0.5489248649018051,0.7645525629887054,0.6008674087574127,0.39188324902610616,60
g4_d_augmentation_w60,21,3,G4,0.001,lstm,R0,G4__g4_d_augmentation_w60__lstm__r0__w60__fold_3__seed_42,42,0.8360328930974333,0.5013598078969052,0.5501505511618155,0.7532580364900087,0.6275249238018364,0.3879922829811218,60
g4_d_augmentation_w60,22,3,G4,0.0005,lstm,R0,G4__g4_d_augmentation_w60__lstm__r0__w60__fold_3__seed_42,42,0.8365312733615748,0.4999427444213589,0.5509078772311696,0.7645525629887054,0.5982443822610907,0.39188324902610616,60
g4_d_augmentation_w60,23,3,G4,0.0005,lstm,R0,G4__g4_d_augmentation_w60__lstm__r0__w60__fold_3__seed_42,42,0.8365312733615748,0.49855680182602174,0.5503618735660547,0.7628149435273676,0.5960770778610435,0.3909275546120408,60
g4_d_augmentation_w60,24,3,G4,0.0005,lstm,R0,G4__g4_d_augmentation_w60__lstm__r0__w60__fold_3__seed_42,42,0.8345377523050087,0.4975472915255753,0.5495525120510983,0.7549956559513467,0.6093965814643897,0.388929150427846,60
g4_d_augmentation_w60,25,3,G4,0.0005,lstm,R0,G4__g4_d_augmentation_w60__lstm__r0__w60__fold_3__seed_42,42,0.8380264141539995,0.49413232550994135,0.5524147326165173,0.7645525629887054,0.5914400494637229,0.39188324902610616,60
g4_d_augmentation_w60,26,3,G4,0.00025,lstm,R0,G4__g4_d_augmentation_w60__lstm__r0__w60__fold_3__seed_42,42,0.8387739845502118,0.4949210723038181,0.5525489425190023,0.7671589921807124,0.5889575461218608,0.3933263671194706,60
g4_d_augmentation_w60,27,3,G4,0.00025,lstm,R0,G4__g4_d_augmentation_w60__lstm__r0__w60__fold_3__seed_42,42,0.8362820832295041,0.49079751092063323,0.55081472058466,0.7645525629887054,0.5993118355265915,0.3930311635558252,60
g4_d_augmentation_w60,28,3,G4,0.00025,lstm,R0,G4__g4_d_augmentation_w60__lstm__r0__w60__fold_3__seed_42,42,0.8395215549464241,0.4906616806909683,0.5534703195288584,0.7671589921807124,0.5960645118192628,0.39448002101298885,60
g4_d_augmentation_w60,29,3,G4,0.00025,lstm,R0,G4__g4_d_augmentation_w60__lstm__r0__w60__fold_3__seed_42,42,0.8382756042860703,0.48822794794115437,0.5522638811015496,0.7697654213727194,0.5886506203409902,0.39478127226120563,60
g4_d_augmentation_w60,30,3,G4,0.00025,lstm,R0,G4__g4_d_augmentation_w60__lstm__r0__w60__fold_3__seed_42,42,0.8382756042860703,0.49174753639456226,0.5520309420010019,0.7715030408340573,0.586594781442687,0.39575792572144836,60
g4_d_augmentation_w60,31,3,G4,0.00025,lstm,R0,G4__g4_d_augmentation_w60__lstm__r0__w60__fold_3__seed_42,42,0.8397707450784949,0.48677002185008306,0.5536319095625496,0.7680278019113814,0.5974661459568581,0.3961083008702056,60
g4_d_augmentation_w60,32,3,G4,0.00025,lstm,R0,G4__g4_d_augmentation_w60__lstm__r0__w60__fold_3__seed_42,42,0.8390231746822826,0.4897685051929793,0.5533104148318259,0.7680278019113814,0.5936648902636212,0.3961083008702056,60
g4_d_augmentation_w60,1,3,G4,0.001,tcn,R0,G4__g4_d_augmentation_w60__tcn__r0__w60__fold_3__seed_42,42,0.332668826314478,1.0081447958352112,0.17026806449408638,0.3649000868809731,0.9469338827916169,0.2346233230134159,60
g4_d_augmentation_w60,2,3,G4,0.001,tcn,R0,G4__g4_d_augmentation_w60__tcn__r0__w60__fold_3__seed_42,42,0.7331173685522053,0.7928614289184892,0.4853167788336979,0.7732406602953953,0.6610096794019876,0.39315781073644757,60
g4_d_augmentation_w60,3,3,G4,0.001,tcn,R0,G4__g4_d_augmentation_w60__tcn__r0__w60__fold_3__seed_42,42,0.8203339147769748,0.6228569100956474,0.5356132312123278,0.7688966116420504,0.5765980602501787,0.3954524555903866,60
g4_d_augmentation_w60,4,3,G4,0.001,tcn,R0,G4__g4_d_augmentation_w60__tcn__r0__w60__fold_3__seed_42,42,0.8295539496635933,0.5476049359469173,0.5452265628195833,0.7193744569939183,0.6864193965568427,0.371559633027523,60
g4_d_augmentation_w60,5,3,G4,0.001,tcn,R0,G4__g4_d_augmentation_w60__tcn__r0__w60__fold_3__seed_42,42,0.8315474707201594,0.5209558673654148,0.5490747400756071,0.7193744569939183,0.6579921013318798,0.371559633027523,60
g4_d_augmentation_w60,6,3,G4,0.001,tcn,R0,G4__g4_d_augmentation_w60__tcn__r0__w60__fold_3__seed_42,42,0.8335409917767257,0.4934839847273224,0.5495156626076824,0.7541268462206777,0.5972569503284971,0.38846014759653374,60
g4_d_augmentation_w60,7,3,G4,0.001,tcn,R0,G4__g4_d_augmentation_w60__tcn__r0__w60__fold_3__seed_42,42,0.8350361325691502,0.4955755359969649,0.55004662639395,0.7532580364900087,0.5784448129679202,0.3868811801462299,60
g4_d_augmentation_w60,8,3,G4,0.0005,tcn,R0,G4__g4_d_augmentation_w60__tcn__r0__w60__fold_3__seed_42,42,0.835285322701221,0.4941154029670571,0.5502095447488452,0.7549956559513467,0.5798932151054943,0.388929150427846,60
g4_d_augmentation_w60,9,3,G4,0.0005,tcn,R0,G4__g4_d_augmentation_w60__tcn__r0__w60__fold_3__seed_42,42,0.8350361325691502,0.48911029598732525,0.55004662639395,0.7515204170286707,0.5961031667519195,0.38815557412048635,60
g4_d_augmentation_w60,10,3,G4,0.0005,tcn,R0,G4__g4_d_augmentation_w60__tcn__r0__w60__fold_3__seed_42,42,0.8350361325691502,0.4828373741218345,0.5500664069604646,0.7489139878366637,0.6103000203026159,0.38783867776698094,60
g4_d_augmentation_w60,11,3,G4,0.0005,tcn,R0,G4__g4_d_augmentation_w60__tcn__r0__w60__fold_3__seed_42,42,0.8332918016446549,0.4804037373588176,0.5489102872841602,0.7497827975673328,0.6216525575008525,0.38830457675598434,60
g4_d_augmentation_w60,12,3,G4,0.00025,tcn,R0,G4__g4_d_augmentation_w60__tcn__r0__w60__fold_3__seed_42,42,0.8340393720408672,0.4793784960068404,0.5495087398941437,0.7489139878366637,0.6220132549051406,0.38783867776698094,60
g4_d_augmentation_w60,13,3,G4,0.00025,tcn,R0,G4__g4_d_augmentation_w60__tcn__r0__w60__fold_3__seed_42,42,0.8335409917767257,0.4778338912238571,0.5492622753486374,0.7515204170286707,0.6166259338035468,0.3892396480550038,60
g4_d_augmentation_w60,14,3,G4,0.00025,tcn,R0,G4__g4_d_augmentation_w60__tcn__r0__w60__fold_3__seed_42,42,0.8342885621729379,0.4773044210849128,0.5496752906973401,0.7532580364900087,0.6081535017148605,0.3901791515826603,60
g4_d_augmentation_w60,15,3,G4,0.00025,tcn,R0,G4__g4_d_augmentation_w60__tcn__r0__w60__fold_3__seed_42,42,0.8355345128332918,0.47542538524505773,0.5504572242155809,0.7523892267593397,0.6002850578620473,0.38752554600415134,60
g4_d_augmentation_w60,16,3,G4,0.000125,tcn,R0,G4__g4_d_augmentation_w60__tcn__r0__w60__fold_3__seed_42,42,0.835285322701221,0.47486819549299614,0.5502029653800863,0.7532580364900087,0.5980914502326143,0.3879922829811218,60
g4_d_augmentation_w60,17,3,G4,0.000125,tcn,R0,G4__g4_d_augmentation_w60__tcn__r0__w60__fold_3__seed_42,42,0.8355345128332918,0.4743161525344302,0.5504983144063438,0.7541268462206777,0.5970907078474942,0.38846014759653374,60
g4_d_augmentation_w60,18,3,G4,0.000125,tcn,R0,G4__g4_d_augmentation_w60__tcn__r0__w60__fold_3__seed_42,42,0.8360328930974333,0.4742714985035436,0.5508373642192526,0.7541268462206777,0.5971388556613392,0.38846014759653374,60
g4_d_augmentation_w60,1,4,G4,0.001,lstm,R0,G4__g4_d_augmentation_w60__lstm__r0__w60__fold_4__seed_42,42,0.5271387089568907,1.0543761208357225,0.3560854306119703,0.704,1.021050778494941,0.3450396222424821,60
g4_d_augmentation_w60,2,4,G4,0.001,lstm,R0,G4__g4_d_augmentation_w60__lstm__r0__w60__fold_4__seed_42,42,0.8286799195890105,0.9734885203191311,0.5470805592178687,0.72,0.9166072068214417,0.3470128004802635,60
g4_d_augmentation_w60,3,4,G4,0.001,lstm,R0,G4__g4_d_augmentation_w60__lstm__r0__w60__fold_4__seed_42,42,0.8356041992405628,0.8526874985816305,0.5511729284801762,0.7262222222222222,0.7459906686147054,0.3497564988202076,60
g4_d_augmentation_w60,4,4,G4,0.001,lstm,R0,G4__g4_d_augmentation_w60__lstm__r0__w60__fold_4__seed_42,42,0.8340406522224704,0.6620063349581308,0.5493324158972962,0.7324444444444445,0.5763878050115373,0.3539248753207069,60
g4_d_augmentation_w60,5,4,G4,0.001,lstm,R0,G4__g4_d_augmentation_w60__lstm__r0__w60__fold_4__seed_42,42,0.8351574715211079,0.5309588268768689,0.5501173854200819,0.7413333333333333,0.58201383333736,0.35936757501979993,60
g4_d_augmentation_w60,6,4,G4,0.001,lstm,R0,G4__g4_d_augmentation_w60__lstm__r0__w60__fold_4__seed_42,42,0.8400714764351128,0.5122697557326218,0.55406196856367,0.7422222222222222,0.6394227964348264,0.3624626024789214,60
g4_d_augmentation_w60,7,4,G4,0.001,lstm,R0,G4__g4_d_augmentation_w60__lstm__r0__w60__fold_4__seed_42,42,0.8405182041545678,0.503840264210031,0.5545395022984193,0.7351111111111112,0.6373185759915246,0.35911273043916636,60
g4_d_augmentation_w60,8,4,G4,0.001,lstm,R0,G4__g4_d_augmentation_w60__lstm__r0__w60__fold_4__seed_42,42,0.8385079294170203,0.4926637776573774,0.5532193120566178,0.7324444444444445,0.5770431305567424,0.35787130727828015,60
g4_d_augmentation_w60,9,4,G4,0.001,lstm,R0,G4__g4_d_augmentation_w60__lstm__r0__w60__fold_4__seed_42,42,0.8371677462586553,0.4857133894273418,0.5518907808890647,0.7368888888888889,0.5223204754458534,0.35994473098545493,60
g4_d_augmentation_w60,10,4,G4,0.001,lstm,R0,G4__g4_d_augmentation_w60__lstm__r0__w60__fold_4__seed_42,42,0.8420817511726603,0.48164724396998954,0.5548894784894901,0.7457777777777778,0.5373462459246318,0.36437542912612164,60
g4_d_augmentation_w60,11,4,G4,0.001,lstm,R0,G4__g4_d_augmentation_w60__lstm__r0__w60__fold_4__seed_42,42,0.8440920259102077,0.4726514295059734,0.5561777365205197,0.7902222222222223,0.5536819131374359,0.38953367108706916,60
g4_d_augmentation_w60,12,4,G4,0.001,lstm,R0,G4__g4_d_augmentation_w60__lstm__r0__w60__fold_4__seed_42,42,0.8516863971409426,0.46595722853618193,0.5611898840766432,0.8071111111111111,0.5540068349308438,0.4010901503014734,60
g4_d_augmentation_w60,13,4,G4,0.001,lstm,R0,G4__g4_d_augmentation_w60__lstm__r0__w60__fold_4__seed_42,42,0.8557069466160375,0.4598763782996164,0.5640669833952678,0.8035555555555556,0.5532922083006965,0.3989056170264224,60
g4_d_augmentation_w60,14,4,G4,0.001,lstm,R0,G4__g4_d_augmentation_w60__lstm__r0__w60__fold_4__seed_42,42,0.8545901273174,0.45941104732748383,0.5634922460599444,0.7946666666666666,0.5686606449286143,0.39506493506493506,60
g4_d_augmentation_w60,15,4,G4,0.001,lstm,R0,G4__g4_d_augmentation_w60__lstm__r0__w60__fold_4__seed_42,42,0.8543667634576726,0.4529607217240499,0.5641848023295218,0.7777777777777778,0.5885569681061639,0.38543234359440065,60
g4_d_augmentation_w60,16,4,G4,0.001,lstm,R0,G4__g4_d_augmentation_w60__lstm__r0__w60__fold_4__seed_42,42,0.855036855036855,0.45076863430082625,0.564949103789607,0.7822222222222223,0.555358210404714,0.38790677921112704,60
g4_d_augmentation_w60,17,4,G4,0.0005,lstm,R0,G4__g4_d_augmentation_w60__lstm__r0__w60__fold_4__seed_42,42,0.85727049363413,0.4457547419873204,0.5666209620308812,0.7813333333333333,0.548309352821774,0.38881793259151753,60
g4_d_augmentation_w60,18,4,G4,0.0005,lstm,R0,G4__g4_d_augmentation_w60__lstm__r0__w60__fold_4__seed_42,42,0.85727049363413,0.44758698562572435,0.566612097041426,0.7804444444444445,0.5461233969264561,0.38831857230331046,60
g4_d_augmentation_w60,19,4,G4,0.0005,lstm,R0,G4__g4_d_augmentation_w60__lstm__r0__w60__fold_4__seed_42,42,0.857717221353585,0.44485530857664946,0.567098410265991,0.7777777777777778,0.550901690642039,0.38683026402050186,60
g4_d_augmentation_w60,20,4,G4,0.0005,lstm,R0,G4__g4_d_augmentation_w60__lstm__r0__w60__fold_4__seed_42,42,0.85637703819522,0.44288466299301765,0.5661154439654963,0.7795555555555556,0.5552195658153958,0.3878208522258697,60
g4_d_augmentation_w60,21,4,G4,0.00025,lstm,R0,G4__g4_d_augmentation_w60__lstm__r0__w60__fold_4__seed_42,42,0.8581639490730399,0.4384906355600312,0.5675064627486274,0.7857777777777778,0.5515267474916247,0.39133995469594,60
g4_d_augmentation_w60,22,4,G4,0.00025,lstm,R0,G4__g4_d_augmentation_w60__lstm__r0__w60__fold_4__seed_42,42,0.8566004020549475,0.4414205910080055,0.5661281444681019,0.7857777777777778,0.5466736382113563,0.39133995469594,60
g4_d_augmentation_w60,23,4,G4,0.00025,lstm,R0,G4__g4_d_augmentation_w60__lstm__r0__w60__fold_4__seed_42,42,0.85727049363413,0.4413714100666442,0.566509399640546,0.7848888888888889,0.5397089042928483,0.39083212763461467,60
g4_d_augmentation_w60,24,4,G4,0.00025,lstm,R0,G4__g4_d_augmentation_w60__lstm__r0__w60__fold_4__seed_42,42,0.8588340406522225,0.43915485015052863,0.5679372050085966,0.7804444444444445,0.549075221935908,0.38970723171798644,60
g4_d_augmentation_w60,25,4,G4,0.000125,lstm,R0,G4__g4_d_augmentation_w60__lstm__r0__w60__fold_4__seed_42,42,0.8579405852133125,0.43941019898497263,0.5672955207838436,0.7804444444444445,0.5480146225823297,0.38970723171798644,60
g4_d_augmentation_w60,26,4,G4,0.000125,lstm,R0,G4__g4_d_augmentation_w60__lstm__r0__w60__fold_4__seed_42,42,0.857717221353585,0.4373624796363587,0.5671884191524509,0.7822222222222223,0.5447421054575179,0.3907131513110132,60
g4_d_augmentation_w60,27,4,G4,0.000125,lstm,R0,G4__g4_d_augmentation_w60__lstm__r0__w60__fold_4__seed_42,42,0.8583873129327675,0.43793934579004207,0.5674805720654139,0.7831111111111111,0.5430656996568044,0.39121862065258295,60
g4_d_augmentation_w60,1,4,G4,0.001,tcn,R0,G4__g4_d_augmentation_w60__tcn__r0__w60__fold_4__seed_42,42,0.32410096046459685,0.9994736556791689,0.17859489853984253,0.7848888888888889,0.8758428799841139,0.39498637812027687,60
g4_d_augmentation_w60,2,4,G4,0.001,tcn,R0,G4__g4_d_augmentation_w60__tcn__r0__w60__fold_4__seed_42,42,0.8420817511726603,0.7256122495623766,0.5515572212317404,0.8471111111111111,0.5160835498438942,0.42694260802912715,60
g4_d_augmentation_w60,3,4,G4,0.001,tcn,R0,G4__g4_d_augmentation_w60__tcn__r0__w60__fold_4__seed_42,42,0.8440920259102077,0.5336306154701309,0.5527233618260369,0.7697777777777778,0.5789820423920949,0.38354759335025973,60
g4_d_augmentation_w60,4,4,G4,0.001,tcn,R0,G4__g4_d_augmentation_w60__tcn__r0__w60__fold_4__seed_42,42,0.8483359392450301,0.48644317854641006,0.5593073406390744,0.7573333333333333,0.5922294108602736,0.37696719005345614,60
g4_d_augmentation_w60,5,4,G4,0.001,tcn,R0,G4__g4_d_augmentation_w60__tcn__r0__w60__fold_4__seed_42,42,0.8469957560866652,0.4491272973700083,0.5591688397948517,0.7831111111111111,0.543305635743671,0.39121862065258295,60
g4_d_augmentation_w60,6,4,G4,0.001,tcn,R0,G4__g4_d_augmentation_w60__tcn__r0__w60__fold_4__seed_42,42,0.85548358275631,0.4499945227711601,0.5636667572337416,0.8186666666666667,0.4947972288396623,0.4130456188383347,60
g4_d_augmentation_w60,7,4,G4,0.0005,tcn,R0,G4__g4_d_augmentation_w60__tcn__r0__w60__fold_4__seed_42,42,0.8548134911771276,0.44373770224906944,0.5627744462533231,0.8097777777777778,0.5194554029040866,0.40726009107181377,60
g4_d_augmentation_w60,8,4,G4,0.0005,tcn,R0,G4__g4_d_augmentation_w60__tcn__r0__w60__fold_4__seed_42,42,0.8559303104757651,0.4367471345040264,0.5645128315117987,0.8017777777777778,0.5439495996104347,0.4022548270624722,60
g4_d_augmentation_w60,9,4,G4,0.0005,tcn,R0,G4__g4_d_augmentation_w60__tcn__r0__w60__fold_4__seed_42,42,0.85727049363413,0.4303032912152512,0.5655953120272615,0.8071111111111111,0.5318475880887773,0.40557145252010246,60
g4_d_augmentation_w60,10,4,G4,0.0005,tcn,R0,G4__g4_d_augmentation_w60__tcn__r0__w60__fold_4__seed_42,42,0.8579405852133125,0.42933195712232475,0.5656927746417624,0.8035555555555556,0.536806422524982,0.4033516129880434,60
g4_d_augmentation_w60,11,4,G4,0.00025,tcn,R0,G4__g4_d_augmentation_w60__tcn__r0__w60__fold_4__seed_42,42,0.8588340406522225,0.4262779937648922,0.5665920998639268,0.8044444444444444,0.5382739255163405,0.40534778866487686,60
g4_d_augmentation_w60,12,4,G4,0.00025,tcn,R0,G4__g4_d_augmentation_w60__tcn__r0__w60__fold_4__seed_42,42,0.8574938574938575,0.4247079226210204,0.5655300141736033,0.8044444444444444,0.5324514288902282,0.40534778866487686,60
g4_d_augmentation_w60,13,4,G4,0.00025,tcn,R0,G4__g4_d_augmentation_w60__tcn__r0__w60__fold_4__seed_42,42,0.85727049363413,0.4231114453414148,0.5652516959839337,0.8053333333333333,0.5219622659948137,0.4044570903029258,60
g4_d_augmentation_w60,14,4,G4,0.00025,tcn,R0,G4__g4_d_augmentation_w60__tcn__r0__w60__fold_4__seed_42,42,0.8581639490730399,0.4215597835920047,0.5658352174121712,0.8053333333333333,0.5160447591410743,0.4044570903029258,60
g4_d_augmentation_w60,15,4,G4,0.000125,tcn,R0,G4__g4_d_augmentation_w60__tcn__r0__w60__fold_4__seed_42,42,0.8581639490730399,0.4215411338351895,0.5658806667394799,0.8062222222222222,0.5178269036875831,0.40646315823262236,60
g4_d_augmentation_w60,16,4,G4,0.000125,tcn,R0,G4__g4_d_augmentation_w60__tcn__r0__w60__fold_4__seed_42,42,0.856823765914675,0.42000940941342396,0.5647793948976362,0.8062222222222222,0.5176091572443644,0.40646315823262236,60
g4_d_augmentation_w60,17,4,G4,0.000125,tcn,R0,G4__g4_d_augmentation_w60__tcn__r0__w60__fold_4__seed_42,42,0.8581639490730399,0.41908486071297546,0.5658763917741066,0.8053333333333333,0.5175474988089668,0.4059043627671213,60
